,Material,Component_Description,JAN_23,FEB_23,MAR_23,APR_23,MAY_23,JUN_23
0,100010,FORMIC ACID 85%,0.0,0.0,0.0,0.0,0.0,0.0
1,100017,ASTACIN GROUND UH TF,0.0,0.0,0.0,0.0,0.0,0.0
2,100019,SODIUM BICARBONATE,0.0,0.0,0.0,0.0,0.0,0.0
3,100029,HM183,0.0,0.0,0.0,0.0,0.0,0.0
4,100041,PRIMAL SB100,0.0,0.0,0.0,0.0,0.0,0.0
5,100045,WT-2524 //OUT OF PRODUCTION//,0.0,0.0,0.0,0.0,0.0,0.0
6,100047,ROSILK 2229,0.0,0.0,0.0,0.0,0.0,0.0
7,100062,AQUALENIW-80.A,0.0,0.0,0.0,0.0,0.0,0.0
8,100067,XR-13-436,0.0,0.0,0.0,0.0,0.0,0.0
9,100094,ACRYSOL RM-825,6.2,53.45,93.446,135.653,41.28,88.003
10,100239,DIACETON ALCOHOL,0.0,0.0,0.0,0.0,0.0,0.0
11,100322,ICALAC SB 200,675.489,965.518,943.445,1310.435,1055.315,1214.189
12,100388,MA 13135,0.0,0.0,0.0,0.0,0.0,0.0
13,100410,MELIO FETTGRIFF SZ,0.0,0.0,0.0,0.0,0.0,0.0
14,100413,MELIO FOAM AX-03,111.365,104.099,171.699,146.68,145.722,148.667
15,100417,MELIO LV03,0.0,0.0,0.0,0.0,0.0,0.0
16,100427,MELIO PROMUL 95,0.0,0.0,0.0,0.0,0.0,0.0
17,100429,MELIO PROMUL 66,0.0,0.0,0.0,0.0,0.0,0.0
18,100700,XR-13-096,0.0,0.0,0.0,0.0,0.0,0.0
19,101261,EUDERM NAPPA SOFT S 2,114.712,678.268,840.614,1062.626,243.468,661.04
20,101332,RU 22537.,0.0,0.0,0.0,0.0,0.0,0.0
21,101333,RC 13823,0.0,0.0,0.0,0.0,0.0,0.0
22,101374,GEAWAX FINISH 2000,0.0,0.0,0.0,0.0,0.0,0.0
23,101378,GEKTANE DNT,0.0,0.0,0.0,0.0,0.0,0.0
24,101380,GEKTANE F-40,0.0,0.0,0.0,0.0,0.0,0.0
25,101442,FI-22098,0.0,0.0,0.0,0.0,0.0,0.0
26,101872,AQUALEN AKU,0.0,0.0,0.0,0.0,0.0,0.0
27,101880,AMMONIAC NH3H20,0.0,0.0,0.0,0.0,0.0,0.0
28,101972,MELIO GROUND UP,0.0,0.0,0.0,0.0,0.0,0.0
29,102570,MELIO PROMUL 61,0.0,0.0,0.0,0.0,0.0,0.0
30,102970,MELIO TOP 239,0.0,0.0,0.0,0.0,0.0,0.0
31,103170,NOVA M 14,0.0,0.0,0.0,0.0,0.0,0.0
32,103250,RETICOLANTE 05,0.0,0.0,0.0,0.0,0.0,0.0
33,103640,DENSOTAN A,0.0,0.0,0.0,0.0,0.0,0.0
34,103697,TANIGAN HO,0.0,0.0,0.0,0.0,0.0,0.0
35,103870,NEOSAN 2000 WHITE ID,0.0,0.0,0.0,0.0,0.0,0.0
36,104062,DRASIL SM,0.0,0.0,0.0,0.0,0.0,0.0
37,104124,BUSAN 30L,0.0,0.0,0.0,0.0,0.0,0.0
38,104187,DOWELLER DRIVER 5511,0.0,0.0,0.0,0.0,0.0,0.0
39,104188,RU-43-901,0.0,0.0,0.0,0.0,0.0,0.0
40,104189,AQUACAST S,0.0,0.0,0.0,0.0,0.0,0.0
41,104194,AF 4000,0.0,0.0,0.0,0.0,0.0,0.0
42,104195,AMOLLAN IP,0.0,0.0,0.0,0.0,0.0,0.0
43,104196,CATIONAL VFC,0.0,0.0,0.0,0.0,0.0,0.0
44,104197,CORIAL EM FINISH G,0.0,0.0,0.0,0.0,0.0,0.0
45,104198,CORIAL EM FINISH M,0.0,0.0,0.0,0.0,0.0,0.0
46,104199,EUKESOL OIL GROUND,0.0,0.0,0.0,0.0,0.0,0.0
47,104200,EUKESOLAR RUBY B 150 LIQUID,0.0,0.0,0.0,0.0,0.0,0.0
48,104201,FI-50,0.0,0.0,0.0,0.0,0.0,0.0
49,104202,GEABIND 1530,0.0,0.0,0.0,0.0,0.0,0.0
50,104203,GEACRIL CB 300,0.0,0.0,0.0,0.0,0.0,0.0
51,104204,GEAGROUND HD,0.0,0.0,0.0,0.0,0.0,0.0
52,104205,GEAWAX AS/2 (GEALUXAS/2),0.0,0.0,0.0,0.0,0.0,0.0
53,104206,GEAWAX FINISH CK 25,0.0,0.0,0.0,0.0,0.0,0.0
54,104207,GEABIND 1605,0.0,0.0,0.0,0.0,0.0,0.0
55,104208,GEKTANE BRIGHT,0.0,0.0,0.0,0.0,0.0,0.0
56,104209,GLANZ F,0.0,0.0,0.0,0.0,0.0,0.0
57,104210,GEABIND 682,0.0,0.0,0.0,0.0,0.0,0.0
58,104211,GW 63,0.0,0.0,0.0,0.0,0.0,0.0
59,104212,LEPTON WAX P 60,0.0,0.0,0.0,0.0,0.0,0.0
60,104213,LEPTON WAX SW,0.0,0.0,0.0,0.0,0.0,0.0
61,104214,LS 8262,0.0,0.0,0.0,0.0,0.0,0.0
62,104215,MA 22-604,0.0,0.0,0.0,0.0,0.0,0.0
63,104216,MA-2406,0.0,0.0,0.0,0.0,0.0,0.0
64,104217,MELIO PROMUL 70,0.0,0.0,0.0,0.0,0.0,0.0
65,104218,ATLAS LEATHER OIL 90,0.0,0.0,0.0,0.0,0.0,0.0
66,104219,PREFONDAL K/72,0.0,0.0,0.0,0.0,0.0,0.0
67,104220,PRIMAL FGR,0.0,0.0,0.0,0.0,0.0,0.0
68,104221,PRIMAL SB-150,0.0,0.0,0.0,0.0,0.0,0.0
69,104222,PRIMAL DISPERSION 32A,0.0,0.0,0.0,0.0,0.0,0.0
70,104223,RPUK 050,0.0,0.0,0.0,0.0,0.0,0.0
71,104224,RA-2393,0.0,0.0,0.0,0.875,0.0,0.0
72,104225,SB-104,0.0,0.0,0.0,0.0,0.0,0.0
73,104226,SP CATIONAL HD,0.0,0.0,0.0,0.0,0.0,0.0
74,104227,SP K TOP BORDEAUX,0.0,0.0,0.0,0.0,0.0,0.0
75,104228,SP K TOP CHESTNUT,0.0,0.0,0.0,0.0,0.0,0.0
76,104229,SP K TOP YELLOW,0.0,0.0,0.0,0.0,0.0,0.0
77,104230,SP K TOP EXTRA BLACK,0.0,0.0,0.0,0.0,0.0,0.0
78,104231,SP K TOP OCHER,0.0,0.0,0.0,0.0,0.0,0.0
79,104232,SP K TOP RED BRILL,0.0,0.0,0.0,0.0,0.0,0.0
80,104233,SP K TOP TAN,0.0,0.0,0.0,0.0,0.0,0.0
81,104234,SP K TOP BLUE OCEAN,0.0,0.0,0.0,0.0,0.0,0.0
82,104235,STOSSGLANZ,0.0,0.0,0.0,0.0,0.0,0.0
83,104236,TELAFLEX U482,0.0,0.0,0.0,0.0,0.0,0.0
84,104237,TELAN IB YELLOW,0.0,0.0,0.0,0.0,0.0,0.0
85,104238,TELAN IB BLUE,0.0,0.0,0.0,0.0,0.0,0.0
86,104239,TELAN IB RED,0.0,0.0,0.0,0.0,0.0,0.0
87,104240,TELANIL DARK BROWN,0.0,0.0,0.0,0.0,0.0,0.0
88,104241,TELANIL RED,0.0,0.0,0.0,0.0,0.0,0.0
89,104242,TOP LL,0.0,0.0,0.0,0.0,0.0,0.0
90,104243,TOP VP 2,0.0,0.0,0.0,0.0,0.0,0.0
91,104244,TOP 10,0.0,0.0,0.0,0.0,0.0,0.0
92,104245,UNIPEL 1461,0.0,0.0,0.0,0.0,0.0,0.0
93,104246,UNITHANE TFC,0.0,0.0,0.0,0.0,0.0,0.0
94,104247,UNIWAX CRD,0.0,0.0,0.0,0.0,0.0,0.0
95,104248,VISCON C,0.0,0.0,0.0,0.0,0.0,0.0
96,104249,LUSTRAL WAX-BB,0.0,0.0,0.0,0.0,0.0,0.0
97,104250,LUSTRAL WAX-PULL,0.0,0.0,0.0,0.0,0.0,0.0
98,104251,XERODERM WF-N,0.0,0.0,0.0,0.0,0.0,0.0
99,104252,K-577,0.0,0.0,0.0,0.0,0.0,0.0
100,104253,BINDER SD,0.0,0.0,0.0,0.0,0.0,0.0
101,104254,ANILINE WAX BROWN-N,0.0,0.0,0.0,0.0,0.0,0.0
102,104255,ASTACIN FINISH SUSI TF,0.0,0.0,0.0,0.0,0.0,0.0
103,104256,CORIAL WAX EG,0.0,0.0,0.0,0.0,0.0,0.0
104,104257,DL-2245,0.0,0.0,0.0,0.0,0.0,0.0
105,104258,EFFECT FINISH VP,0.0,0.0,0.0,0.0,0.0,0.0
106,104259,ESTABLISHER FF 10,0.0,0.0,0.0,0.0,0.0,0.0
107,104260,GEACRIL FG 55,0.0,0.0,0.0,0.0,0.0,0.0
108,104261,GEACRIL M 35,0.0,0.0,0.0,0.0,0.0,0.0
109,104262,INACTIVATED - GEAWAX FINISH 2000,0.0,0.0,0.0,0.0,0.0,0.0
110,104263,INACTIVATED - GEKTANE F-40,0.0,0.0,0.0,0.0,0.0,0.0
111,104264,GW 4,0.0,0.0,0.0,0.0,0.0,0.0
112,104265,KCF-647,0.0,0.0,0.0,0.0,0.0,0.0
113,104266,LEPTON BROWN GN,0.0,0.0,0.0,0.0,0.0,0.0
114,104267,LEPTON WAX CS,0.0,0.0,0.0,0.0,0.0,0.0
115,104268,LEPTON BLUE N,0.0,0.0,0.0,0.0,0.0,0.0
116,104269,LEPTON YELLOW N,0.0,0.0,0.0,0.0,0.0,0.0
117,104270,LP-18-415,0.0,0.0,0.0,0.0,0.0,0.0
118,104271,LP-18-427,0.0,0.0,0.0,0.0,0.0,0.0
119,104272,LP-18-438,0.0,0.0,0.0,0.0,0.0,0.0
120,104273,OIL P,0.0,0.0,0.0,0.0,0.0,0.0
121,104274,PN 550,0.0,0.0,0.0,0.0,0.0,0.0
122,104275,SD-2456,0.0,0.0,0.0,0.0,0.0,0.0
123,104276,TELANIL LEMON,0.0,0.0,0.0,0.0,0.0,0.0
124,104277,ALPATOP FB,0.0,0.0,0.0,0.0,0.0,0.0
125,104278,LS-988,0.0,0.0,0.0,0.0,0.0,0.0
126,104279,LUSTRAL UT,0.0,0.0,0.0,0.0,0.0,0.0
127,104280,INACTIVATED - MELIO FETT GRIFF SZ,0.0,0.0,0.0,0.0,0.0,0.0
128,104281,MELIO GROUND K,0.0,0.0,0.0,0.0,0.0,0.0
129,104282,MELIO GROUND NC,0.0,0.0,0.0,0.0,0.0,0.0
130,104283,MELIO WAX PO-424,0.0,0.0,0.0,0.0,0.0,0.0
131,104284,MELIO WF-5230,0.0,0.0,0.0,0.0,0.0,0.0
132,104285,SFT OIL 29,0.0,0.0,0.0,0.0,0.0,0.0
133,104286,SP RPU H4,0.0,0.0,0.0,0.0,0.0,0.0
134,104287,HARD WAX,0.0,0.0,0.0,0.0,0.0,0.0
135,104288,ER-LEPTON RED N,0.0,0.0,0.0,0.0,0.0,0.0
136,104289,ER-LEPTON CARAMEL N,0.0,0.0,0.0,0.0,0.0,0.0
137,104290,ER-ASTACIN FINISH PUM,0.0,0.0,0.0,0.0,0.0,0.0
138,104291,ER-ASTACIN TOP LH,0.0,0.0,0.0,0.0,0.0,0.0
139,104292,ER-CORIAL EM FINISH G,0.0,0.0,0.0,0.0,0.0,0.0
140,104293,ER-NEOTOP E-S,0.0,0.0,0.0,0.0,0.0,0.0
141,104294,ER-HR-1127,0.0,0.0,0.0,0.0,0.0,0.0
142,104295,ER-HARDENER AZ,0.0,0.0,0.0,0.0,0.0,0.0
143,104296,ER-UW10,0.0,0.0,0.0,0.0,0.0,0.0
144,104297,ER-AQUAGRADE 96,0.0,0.0,0.0,0.0,0.0,0.0
145,104298,ER-LE-1272,0.0,0.0,0.0,0.0,0.0,0.0
146,104299,ER-ST-4522,0.0,0.0,0.0,0.0,0.0,0.0
147,104300,ER-HM-283,0.0,0.0,0.0,0.0,0.0,0.0
148,104301,ER-P-820,0.0,0.0,0.0,0.0,0.0,0.0
149,104302,ER-MA-22-604,0.0,0.0,0.0,0.0,0.0,0.0
150,104303,ER-NBAC,0.0,0.0,0.0,0.0,0.0,0.0
151,104304,ER-CM-1112,0.0,0.0,0.0,0.0,0.0,0.0
152,104305,ER-BCS,0.0,0.0,0.0,0.0,0.0,0.0
153,104306,ER-IPA,0.0,0.0,0.0,0.0,0.0,0.0
154,104307,ER-CA BLACK,0.0,0.0,0.0,0.0,0.0,0.0
155,104308,ER-ACETONE,0.0,0.0,0.0,0.0,0.0,0.0
156,104309,ER-PM/ECS,0.0,0.0,0.0,0.0,0.0,0.0
157,104310,ER-FILLER-A,0.0,0.0,0.0,0.0,0.0,0.0
158,104311,ER-WATER REPELLEMT S#10-N,0.0,0.0,0.0,0.0,0.0,0.0
159,104312,ER-KW-183,0.0,0.0,0.0,0.0,0.0,0.0
160,104313,ER-GFN-7,0.0,0.0,0.0,0.0,0.0,0.0
161,104314,ER-MATT-NHN,0.0,0.0,0.0,0.0,0.0,0.0
162,104315,ER-MATT-820,0.0,0.0,0.0,0.0,0.0,0.0
163,104316,ER-NC-105A,0.0,0.0,0.0,0.0,0.0,0.0
164,104317,ER-NY-250H,0.0,0.0,0.0,0.0,0.0,0.0
165,104318,ER-MATT-420,0.0,0.0,0.0,0.0,0.0,0.0
166,104319,ER-P-700,0.0,0.0,0.0,0.0,0.0,0.0
167,104320,ER-PINK-2905,0.0,0.0,0.0,0.0,0.0,0.0
168,104321,ER-GREEN-4903,0.0,0.0,0.0,0.0,0.0,0.0
169,104322,ER-CORIAL BINDER LF,0.0,0.0,0.0,0.0,0.0,0.0
170,104323,ER-BLUE-3907,0.0,0.0,0.0,0.0,0.0,0.0
171,104324,ER-BLUE-3918,0.0,0.0,0.0,0.0,0.0,0.0
172,104325,ER-RED-8910,0.0,0.0,0.0,0.0,0.0,0.0
173,104326,ER-CORIAL MICROBINDER AM,0.0,0.0,0.0,0.0,0.0,0.0
174,104327,ER-RED-8919,0.0,0.0,0.0,0.0,0.0,0.0
175,104328,ER-YELLOW-5904,0.0,0.0,0.0,0.0,0.0,0.0
176,104329,ER-CORIAL HARDENER AN,0.0,0.0,0.0,0.0,0.0,0.0
177,104330,ER-PO-22,0.0,0.0,0.0,0.0,0.0,0.0
178,104331,ER-PO-28,0.0,0.0,0.0,0.0,0.0,0.0
179,104332,ER-PO-42,0.0,0.0,0.0,0.0,0.0,0.0
180,104333,ER-CORIAL EM FINISH M,0.0,0.0,0.0,0.0,0.0,0.0
181,104334,ER-PO300F,0.0,0.0,0.0,0.0,0.0,0.0
182,104335,ER-PO-330,0.0,0.0,0.0,0.0,0.0,0.0
183,104336,ER-PO-36,0.0,0.0,0.0,0.0,0.0,0.0
184,104337,ER-PO-44,0.0,0.0,0.0,0.0,0.0,0.0
185,104338,ER-PO-52,0.0,0.0,0.0,0.0,0.0,0.0
186,104339,ER-PO-46,0.0,0.0,0.0,0.0,0.0,0.0
187,104340,ER-PO-54,0.0,0.0,0.0,0.0,0.0,0.0
188,104341,ER-PU-1708,0.0,0.0,0.0,0.0,0.0,0.0
189,104342,ER-RA-29,0.0,0.0,0.0,0.0,0.0,0.0
190,104343,ER-PO-812,0.0,0.0,0.0,0.0,0.0,0.0
191,104344,ER-RA-680,0.0,0.0,0.0,0.0,0.0,0.0
192,104345,ER-PO-82,0.0,0.0,0.0,0.0,0.0,0.0
193,104346,ER-SA-231,0.0,0.0,0.0,0.0,0.0,0.0
194,104347,ER-SB-300,0.0,0.0,0.0,0.0,0.0,0.0
195,104348,ER-SB-600S,0.0,0.0,0.0,0.0,0.0,0.0
196,104349,ER-KP132D,0.0,0.0,0.0,0.0,0.0,0.0
197,104350,ER-RA-25,0.0,0.0,0.0,0.0,0.0,0.0
198,104351,ER-KW-2229A,0.0,0.0,0.0,0.0,0.0,0.0
199,104352,ER-AR 100,0.0,0.0,0.0,0.0,0.0,0.0
200,104353,ER-FAPLUS TMF,0.0,0.0,0.0,0.0,0.0,0.0
201,104354,ER-U4,0.0,0.0,0.0,0.0,0.0,0.0
202,104355,ER-FAPGLOS K1,0.0,0.0,0.0,0.0,0.0,0.0
203,104356,ER-FAPGLOS PO,0.0,0.0,0.0,0.0,0.0,0.0
204,104357,ER-FAPCOAT U2A,0.0,0.0,0.0,0.0,0.0,0.0
205,104358,ER-FAPGLOS GK,0.0,0.0,0.0,0.0,0.0,0.0
206,104359,ER-FAPLUS GT,0.0,0.0,0.0,0.0,0.0,0.0
207,104360,ER-CW,0.0,0.0,0.0,0.0,0.0,0.0
208,104361,ER-FAPGLOS CL,0.0,0.0,0.0,0.0,0.0,0.0
209,104362,ER-FAPCOAT KU50,0.0,0.0,0.0,0.0,0.0,0.0
210,104363,ER-FAPGLOS GF,0.0,0.0,0.0,0.0,0.0,0.0
211,104364,ER-TOALACQUER T-161,0.0,0.0,0.0,0.0,0.0,0.0
212,104365,ER-TOALACQUER T-361,0.0,0.0,0.0,0.0,0.0,0.0
213,104366,ER-TOALACQUER T-454,0.0,0.0,0.0,0.0,0.0,0.0
214,104367,ER-TOALACQUER T-563,0.0,0.0,0.0,0.0,0.0,0.0
215,104368,ER-PINK 2B,0.0,0.0,0.0,0.0,0.0,0.0
216,104369,INACTIVATED - MELIO TOP 239,0.0,0.0,0.0,0.0,0.0,0.0
217,104370,ER-PANEMUL 01,0.0,0.0,0.0,0.0,0.0,0.0
218,104371,LP-18-413,0.0,0.0,0.0,0.0,0.0,0.0
219,104372,LP-18-480,0.0,0.0,0.0,0.0,0.0,0.0
220,104373,SFT F6004,0.0,0.0,0.0,0.0,0.0,0.0
221,104374,ER-ORANGE DOPE,0.0,0.0,0.0,0.0,0.0,0.0
222,104375,RPU 22,0.0,0.0,0.0,0.0,0.0,0.0
223,104376,SP SFT WAX ANTIC,0.0,0.0,0.0,0.0,0.0,0.0
224,104377,SP SFT F 6013 A,0.0,0.0,0.0,0.0,0.0,0.0
225,104378,RPU 48,0.0,0.0,0.0,0.0,0.0,0.0
226,104379,ER-PEARL PIGMENTS 303,0.0,0.0,0.0,0.0,0.0,0.0
227,104380,ER-PEARL PIGMENTS 502,0.0,0.0,0.0,0.0,0.0,0.0
228,104381,ER-PEARL PIGMENTS 500,0.0,0.0,0.0,0.0,0.0,0.0
229,104382,ER-RA-2312,0.0,0.0,0.0,0.0,0.0,0.0
230,104383,ER-PEARL PIGMENTS 100,0.0,0.0,0.0,0.0,0.0,0.0
231,104384,ER-PO-816,0.0,0.0,0.0,0.0,0.0,0.0
232,104385,GEATOIL FINISH MPU,0.0,0.0,0.0,0.0,0.0,0.0
233,104386,ER-MENDER XP,0.0,0.0,0.0,0.0,0.0,0.0
234,104387,ER-PEARL PIGMENTS 205,0.0,0.0,0.0,0.0,0.0,0.0
235,104388,ER-EX-59-812,0.0,0.0,0.0,0.0,0.0,0.0
236,104389,ER-LEMON,0.0,0.0,0.0,0.0,0.0,0.0
237,104390,SUPRONIL HK BLACK AS,0.0,0.0,0.0,0.0,0.0,0.0
238,104391,ER-PEARL PIGMENTS 504,0.0,0.0,0.0,0.0,0.0,0.0
239,104392,FILLER VPS,0.0,0.0,0.0,0.0,0.0,0.0
240,104393,ER-NC-1002,0.0,0.0,0.0,0.0,0.0,0.0
241,104394,ER-RA-1079,0.0,0.0,0.0,0.0,0.0,0.0
242,104395,GEAWAX FOSCOS 25,0.0,0.0,0.0,0.0,0.0,0.0
243,104396,ER-HM132,0.0,0.0,0.0,0.0,0.0,0.0
244,104397,UNIWAX HWA,0.0,0.0,0.0,0.0,0.0,0.0
245,104398,ER-GOLD DOPE,0.0,0.0,0.0,0.0,0.0,0.0
246,104399,TELANIL FUCHSIA,0.0,0.0,0.0,0.0,0.0,0.0
247,104400,TELAN IB ORANGE,0.0,0.0,0.0,0.0,0.0,0.0
248,104401,TELAN IB BORDO,0.0,0.0,0.0,0.0,0.0,0.0
249,104402,TELAN IB LEMON,0.0,0.0,0.0,0.0,0.0,0.0
250,104403,ER-NEOFILM LE 1481,0.0,0.0,0.0,0.0,0.0,0.0
251,104404,ER-PEARL PIGMENTS 505,0.0,0.0,0.0,0.0,0.0,0.0
252,104405,ER-BAC-1#,0.0,0.0,0.0,0.0,0.0,0.0
253,104406,ER-KW 100,0.0,0.0,0.0,0.0,0.0,0.0
254,104407,UNIWAX DWB,0.0,0.0,0.0,0.0,0.0,0.0
255,104408,ER-PM,0.0,0.0,0.0,0.0,0.0,0.0
256,104409,ER-ECS,0.0,0.0,0.0,0.0,0.0,0.0
257,104410,ER-MP-153,0.0,0.0,0.0,0.0,0.0,0.0
258,104411,LUGANIL ORANGE 2R LIQUID,0.0,0.0,0.0,0.0,0.0,0.0
259,104412,ER-NY 900,0.0,0.0,0.0,0.0,0.0,0.0
260,104413,ER-228,0.0,0.0,0.0,0.0,0.0,0.0
261,104414,ER-MP-6380,0.0,0.0,0.0,0.0,0.0,0.0
262,104415,UNIWAX FDW,0.0,0.0,0.0,0.0,0.0,0.0
263,104416,GEATAN P 150,0.0,0.0,0.0,0.0,0.0,0.0
264,104417,CHROMOSAL B,0.0,0.0,0.0,0.0,0.0,0.0
265,104418,CATALIX GS,0.0,0.0,0.0,0.0,0.0,0.0
266,104419,DERMAFIX T,0.0,0.0,0.0,0.0,0.0,0.0
267,104420,BASYNTAN DLE POWDER,0.0,0.0,0.0,0.0,0.0,0.0
268,104421,RETANAL CLE,0.0,0.0,0.0,0.0,0.0,0.0
269,104422,FOSFOL SCS,0.0,0.0,0.0,0.0,0.0,0.0
270,104423,SYNTHOL WP,0.0,0.0,0.0,0.0,0.0,0.0
271,104424,ER-KW 303,0.0,0.0,0.0,0.0,0.0,0.0
272,104425,GEAGROUND PLG,0.0,0.0,0.0,0.0,0.0,0.0
273,104426,ER-KW 500,0.0,0.0,0.0,0.0,0.0,0.0
274,104427,ER-WHITE DOPE,0.0,0.0,0.0,0.0,0.0,0.0
275,104428,PAM,0.0,0.0,0.0,0.0,0.0,0.0
276,104430,DERMAFIX P LIQ,0.0,0.0,0.0,0.0,0.0,0.0
277,104431,ER-KW 504,0.0,0.0,0.0,0.0,0.0,0.0
278,104432,ER-HFD-1,0.0,0.0,0.0,0.0,0.0,0.0
279,104433,ER-KW 205,0.0,0.0,0.0,0.0,0.0,0.0
280,104434,ER-KW 502,0.0,0.0,0.0,0.0,0.0,0.0
281,104435,ER-HF-01,0.0,0.0,0.0,0.0,0.0,0.0
282,104436,ER-FI-306,0.0,0.0,0.0,0.0,0.0,0.0
283,104437,EUKESOLAR BLACK ER LIQUID,0.0,0.0,0.0,0.0,0.0,0.0
284,104438,EUKESOLAR LIGHT BROWN EG LIQUID,0.0,0.0,0.0,0.0,0.0,0.0
285,104439,EUKESOLAR RUBY EB LIQUID,0.0,0.0,0.0,0.0,0.0,0.0
286,104440,ER-TELAFLEX COMPACT BM,0.0,0.0,0.0,0.0,0.0,0.0
287,104441,ER-HR 611,0.0,0.0,0.0,0.0,0.0,0.0
288,104442,ER-FI-50,0.0,0.0,0.0,0.0,0.0,0.0
289,104443,ER-GEKTANE F-68,0.0,0.0,0.0,0.0,0.0,0.0
290,104444,ER-GEKTANE BRIGHT,0.0,0.0,0.0,0.0,0.0,0.0
291,104445,ER-EUKESOLAR ORANGE R LIQUID,0.0,0.0,0.0,0.0,0.0,0.0
292,104446,ER-GEAWAX DULL 25,0.0,0.0,0.0,0.0,0.0,0.0
293,104447,INACTIVATED - TANIGAN HO,0.0,0.0,0.0,0.0,0.0,0.0
294,104448,ER-TELANIL DARK BROWN,0.0,0.0,0.0,0.0,0.0,0.0
295,104449,ER-LEPTON BLACK FR-N,0.0,0.0,0.0,0.0,0.0,0.0
296,104450,ER-AMOLLAN IP,0.0,0.0,0.0,0.0,0.0,0.0
297,104451,ER-EUKESOLAR YELLOW EG,0.0,0.0,0.0,0.0,0.0,0.0
298,104452,GEAWAX DULL 30,0.0,0.0,0.0,0.0,0.0,0.0
299,104453,LUSTRAL WAX BSH,0.0,0.0,0.0,0.0,0.0,0.0
300,104454,INACTIVATED - DENSOTAN A,0.0,0.0,0.0,0.0,0.0,0.0
301,104455,LUBRITAN GXL,0.0,0.0,0.0,0.0,0.0,0.0
302,104456,SOLVADERM YELLOW MF-ZC,0.0,0.0,0.0,0.0,0.0,0.0
303,104457,NEOSAN 2000 YELLOW 01,0.0,0.0,0.0,0.0,0.0,0.0
304,104458,GEATOIL LN,0.0,0.0,0.0,0.0,0.0,0.0
305,104459,TELANIL ORANGE CS,0.0,0.0,0.0,0.0,0.0,0.0
306,104460,LF 1247,0.0,0.0,0.0,0.0,0.0,0.0
307,104461,MX 40,0.0,0.0,0.0,0.0,0.0,0.0
308,104462,GRUND K,0.0,0.0,0.0,0.0,0.0,0.0
309,104463,POLAX SE 5,0.0,0.0,0.0,0.0,0.0,0.0
310,104464,UNIWAX 9009,0.0,0.0,0.0,0.0,0.0,0.0
311,104465,LF 1218,0.0,0.0,0.0,0.0,0.0,0.0
312,104466,COROLAN BROWN CGB,0.0,0.0,0.0,0.0,0.0,0.0
313,104467,COROLAN BROWN HCG,0.0,0.0,0.0,0.0,0.0,0.0
314,104468,LP 2411,0.0,0.0,0.0,0.0,0.0,0.0
315,104469,WACHS PLA,0.0,0.0,0.0,0.0,0.0,0.0
316,104470,WACHS LC820,0.0,0.0,0.0,0.0,0.0,0.0
317,104471,LH 200,0.0,0.0,0.0,0.0,0.0,0.0
318,104472,WACHS AIF,0.0,0.0,0.0,0.0,0.0,0.0
319,104473,RELUGAN SLF,0.0,0.0,0.0,0.0,0.0,0.0
320,104474,TRIACOR RED 3BN SUPRA,0.0,0.0,0.0,0.0,0.0,0.0
321,104475,TRIAMIN TURQUOISE BLUE GL,0.0,0.0,0.0,0.0,0.0,0.0
322,104476,TRIACOR BEIGE 4G,0.0,0.0,0.0,0.0,0.0,0.0
323,104477,TRIACOR BROWN 5GLS SUPRA CONC,0.0,0.0,0.0,0.0,0.0,0.0
324,104478,TRIACOR GREY GCR,0.0,0.0,0.0,0.0,0.0,0.0
325,104479,TRIASOLAN YELLOW D-3R,0.0,0.0,0.0,0.0,0.0,0.0
326,104480,TRIASOLAN RED D3G CONC,0.0,0.0,0.0,0.0,0.0,0.0
327,104481,TELAFLEX U 578,0.0,0.0,0.0,0.0,0.0,0.0
328,104482,UTB-4200,0.0,0.0,0.0,0.0,0.0,0.0
329,104483,GEATOIL FINISH BMG,0.0,0.0,0.0,0.0,0.0,0.0
330,104484,GEAWAX FINISH CV,0.0,0.0,0.0,0.0,0.0,0.0
331,104485,CONTEX WHITE,0.0,0.0,0.0,0.0,0.0,0.0
332,104486,INACTIVATED - DRASIL SM,0.0,0.0,0.0,0.0,0.0,0.0
333,104487,DRASIL 703,0.0,0.0,0.0,0.0,0.0,0.0
334,104488,SEDAFLOR AB 96,0.0,0.0,0.0,0.0,0.0,0.0
335,104489,GRUNND C,0.0,0.0,0.0,0.0,0.0,0.0
336,104490,TELKAWAX GS,0.0,0.0,0.0,0.0,0.0,0.0
337,104491,BUSAN 85,0.0,0.0,0.0,0.0,0.0,0.0
338,104492,TOP A,0.0,0.0,0.0,0.0,0.0,0.0
339,104493,POLAX M,0.0,0.0,0.0,0.0,0.0,0.0
340,104494,ODINOIL TH,0.0,0.0,0.0,0.0,0.0,0.0
341,104495,DRASIL FFA,0.0,0.0,0.0,0.0,0.0,0.0
342,104496,METABISULFITE,0.0,0.0,0.0,0.0,0.0,0.0
343,104497,RODA WAX KCF 638,0.0,0.0,0.0,0.0,0.0,0.0
344,104498,CLX-8173,0.0,0.0,0.0,0.0,0.0,0.0
345,104499,HYDROFIX 1687,0.0,0.0,0.0,0.0,0.0,0.0
346,104500,NEOTOP CM E-S,0.0,0.0,0.0,0.0,0.0,0.0
347,104501,RODA CARE NL-BR,0.0,0.0,0.0,0.0,0.0,0.0
348,104502,RODA FIX 2713,0.0,0.0,0.0,0.0,0.0,0.0
349,104503,RODA WAX 4097,0.0,0.0,0.0,0.0,0.0,0.0
350,104504,GEAWAX CA12,0.0,0.0,0.0,0.0,0.0,0.0
351,104505,GEAWAX FINISH 2410,0.0,0.0,0.0,0.0,0.0,0.0
352,104506,WACHS SF 5,0.0,0.0,0.0,0.0,0.0,0.0
353,104507,CORATYL WB,0.0,0.0,0.0,0.0,0.0,0.0
354,104508,COMPOUND FB50,0.0,0.0,0.0,0.0,0.0,0.0
355,104509,MELIO FILLER D,0.0,0.0,0.0,0.0,0.0,0.0
356,104510,TELAFLEX CA-21,0.0,0.0,0.0,0.0,0.0,0.0
357,104511,MELIO EW-D-330,0.0,0.0,0.0,0.0,0.0,0.0
358,104512,MELIO WAX AL-03.A LIQ,0.0,0.0,0.0,0.0,0.0,0.0
359,104513,MELIO GROUND PG LIQ,0.0,0.0,0.0,0.0,0.0,0.0
360,104514,MELIO AQUABASE M90   ,0.0,0.0,0.0,0.0,0.0,0.0
361,104515,INACTIVATED - MELIO GROUND UP,0.0,0.0,0.0,0.0,0.0,0.0
362,104517,ACRIBOND FPS 2 EX 1090,0.0,0.0,0.0,0.0,0.0,0.0
363,104518,THICKENER RA 2349,0.0,0.0,0.0,0.0,0.0,0.0
364,104519,ADDITIVE I 1BR,0.0,0.0,0.0,0.0,0.0,0.0
365,104520,ADDITIVE PS,0.0,0.0,0.0,0.0,0.0,0.0
366,104521,ALCOHOL ISOBUTILICO,0.0,0.0,0.0,0.0,0.0,0.0
367,104522,AQUAGRADE 51/V,0.0,0.0,0.0,0.0,0.0,0.0
368,104523,ORANGE DHL,0.0,0.0,1.555,1.77,0.15,2.545
369,104524,ORANGE SYN-LAK,0.0,0.0,0.0,0.0,0.0,0.0
370,104525,BAYDERM OPACIZZANTE ALM 01,0.0,0.0,0.0,0.0,0.0,0.0
371,104526,BAYGEN INDURENTE SN 2 (EX SN 01),0.0,0.0,0.0,0.0,0.0,0.0
372,104527,BAYGEN TOP U 01,0.0,0.0,0.0,0.0,0.0,0.0
373,104528,BI-372,39.0,17.87,40.83,14.887,0.0,0.0
374,104529,CONTEX WHITE ULTRA,0.0,0.0,0.0,0.0,0.0,0.0
375,104530,WHITE SYN-LAK,0.0,0.0,0.0,0.0,0.0,0.0
376,104531,BLUE DHL,0.182,1.105,0.31,0.0,0.314,0.0
377,104532,BLUE SYN-LAK,0.0,0.0,0.0,0.0,0.0,0.0
378,104533,BLUE SYN-REX,0.0,0.0,0.0,0.0,0.0,0.0
379,104534,BORDEAUX DHL,0.0,0.0,0.0,0.0,0.0,0.0
380,104535,BRUNO DHL,0.0,0.0,0.0,0.0,0.0,0.0
381,104536,BRUNO ISOLAC 90,0.0,0.0,0.0,0.0,0.0,0.0
382,104537,BRUNO SYN-LAK,0.0,0.0,0.0,0.0,0.0,0.0
383,104538,BUTILGLICOLE,0.0,0.0,0.0,0.0,0.0,0.0
384,104539,CELANINA 225,0.0,0.0,0.0,0.0,0.0,0.0
385,104540,CELANINA TG,0.0,0.0,0.0,0.0,0.0,0.0
386,104541,CICLOESANONE *,510.112,738.044,1295.21,1186.883,697.934,817.195
387,104542,COLANYL YELLOW HR.Y83.TH,0.0,0.0,0.0,0.0,0.0,0.0
388,104543,COMPOUND 615 CONSUMATO,0.0,0.0,0.0,0.0,0.0,0.0
389,104544,DILUENT BY - T20 */ DILUENT DMM,0.0,0.0,0.0,0.0,0.0,0.0
390,104545,DMF,0.0,0.0,0.0,0.0,0.0,0.0
391,104546,DOWELLEX RC 3349,0.0,0.0,0.0,0.0,0.0,0.0
392,104547,DOWELLISH FILLER 4683,0.0,0.0,0.0,0.0,0.0,0.0
393,104548,DOWESION CAMEL N 232,0.0,0.0,0.0,0.0,0.0,0.0
394,104549,DOWESION RED N 331,0.0,0.0,0.0,0.0,0.0,0.0
395,104550,DPG DIPROPILENGL *,0.0,0.0,0.0,0.0,0.0,0.0
396,104551,ES 112,0.0,0.0,0.0,0.0,0.0,0.0
397,104552,EX-XR-13-820,0.0,0.0,0.0,0.0,0.0,0.0
398,104553,FI-18-988,0.0,0.0,0.0,0.0,0.0,0.0
399,104554,INACTIVATED - FI-22-098,0.0,0.0,0.0,0.0,0.0,0.0
400,104555,FI-70-306,216.95,259.4,402.55,240.55,234.3,178.906
401,104556,FULL WHITE FOAM,0.0,0.0,0.0,0.0,0.0,0.0
402,104557,CONTEX GIALLO PK,0.0,0.0,0.0,0.0,0.0,0.0
403,104558,YELLOW L DHL,0.0,0.0,0.0,0.0,0.0,0.0
404,104559,YELLOW LEMON SYN-LAK,0.0,0.0,0.0,0.0,0.0,0.0
405,104560,GOLDEN YELLOW SYN-LAK,0.0,0.0,0.0,0.0,0.0,0.0
406,104561,YELLOW R DHL,0.0,0.0,0.0,0.0,0.0,0.0
407,104562,GW 130,0.0,0.0,0.0,0.0,0.0,0.0
408,104563,HM-132,0.0,0.0,0.0,0.0,0.0,0.0
409,104564,HM-283,0.0,0.0,0.0,0.0,0.0,0.0
410,104565,HM-3139,0.0,0.0,0.0,0.0,0.0,0.0
411,104566,HM-51-760,0.0,0.0,0.0,0.0,0.0,0.0
412,104567,HYDOFINISH 25,0.0,0.0,0.0,0.0,0.0,0.0
413,104568,HYDROFIX MATT 2071,0.0,0.0,0.0,0.0,0.0,0.0
414,104569,ICAFILLER NP EX 1297,0.0,0.0,0.0,0.0,0.0,0.0
415,104570,ICALAC S 158,0.0,0.0,0.0,0.0,0.0,0.0
416,104571,INACTIVATED - ICALAC SB 200,0.0,0.0,0.0,0.0,0.0,0.0
417,104572,ICALAC SB 215,43.177,388.489,279.267,341.05,267.7,364.6
418,104573,ICALAC SMF,0.0,0.0,0.0,0.0,0.0,0.0
419,104574,IDROTAN AD 04 EX-1379,0.0,0.0,0.0,0.0,0.0,0.0
420,104575,LAMBINDER C 166,0.0,0.0,0.0,0.0,0.0,0.0
421,104576,LAMBINDER C 73,0.0,0.0,0.0,0.0,0.0,0.0
422,104577,LAMDILL 025,0.0,0.0,0.0,0.0,0.0,0.0
423,104578,LAMFILLER 69,0.0,0.0,0.0,0.0,0.0,0.0
424,104579,LAMOIL GS,0.0,0.0,0.0,0.0,0.0,0.0
425,104580,LAMSOFT L12 CONC.,0.0,0.0,0.0,0.0,0.0,0.0
426,104581,LAMWAX 5,0.0,0.0,0.0,0.0,0.0,0.0
427,104582,LEPTON ENHANCER CP,0.0,0.0,0.0,0.0,0.0,0.0
428,104583,LP-18-426,0.0,0.0,0.0,0.0,0.0,0.0
429,104584,LP-18-485,0.0,0.0,0.0,0.0,0.0,0.0
430,104585,LS-4769,0.0,0.0,0.0,0.0,0.0,0.0
431,104586,LS-65-239,0.0,0.0,0.0,0.0,0.0,0.0
432,104587,LS-65-256 (EX LS 8256),0.0,0.0,0.0,0.0,0.0,0.0
433,104588,LS-8296,0.0,0.0,0.0,0.0,0.0,0.0
434,104589,LW-65-941,0.0,0.0,0.0,0.0,0.0,0.0
435,104590,INACTIVATED - MA-13-135,0.0,0.0,0.0,0.0,0.0,0.0
436,104591,MA-22-604,0.0,0.0,0.0,0.0,0.0,0.0
437,104592,MA-78-034 (EX FI-78-034),0.0,0.0,0.0,0.0,0.0,0.0
438,104593,MAGENTA SYN-LAK,0.0,0.0,0.0,0.0,0.0,0.0
439,104594,MAXBASE 1,0.0,0.0,0.0,0.0,0.0,0.0
440,104595,MAXHYDRO 57,0.0,0.0,0.0,0.0,0.0,0.0
441,104596,MAXHYDRO PTO,0.0,0.0,0.0,0.0,0.0,0.0
442,104597,MAXTOP RM,0.0,0.0,0.0,0.0,0.0,0.0
443,104598,INACTIVATED - MELIO PROMUL 61,0.0,0.0,0.0,0.0,0.0,0.0
444,104599,INACTIVATED - MELIO PROMUL 66,0.0,0.0,0.0,0.0,0.0,0.0
445,104600,MELIO WAX 188,0.0,0.0,0.0,0.0,0.0,0.0
446,104601,METALIC SILVER - NHU BAC,0.0,0.0,0.0,0.0,0.0,0.0
447,104602,METILISOBUTILCHETONE - MIBK,0.0,0.0,0.0,0.0,0.0,0.0
448,104603,MOGANO SYN-LAK,0.0,0.0,0.0,0.0,0.0,0.0
449,104604,N 250,0.0,0.0,0.0,0.0,0.0,0.0
450,104605,N 293,0.0,0.0,0.0,0.0,0.0,0.0
451,104606,NEOSAN 2000 CITRON,0.0,0.0,0.0,0.0,0.0,0.0
452,104607,BLACK DHL,0.0,0.0,0.0,0.0,0.0,0.0
453,104608,BLACK SYN-LAK,0.0,0.0,0.0,0.0,0.0,0.0
454,104609,NITROSOL LACCA 6502/M,0.0,0.0,0.0,0.0,0.0,0.0
455,104610,NITROSOL LACCA 6509/M,0.0,0.0,0.0,0.0,0.0,0.0
456,104611,NOVA 3003,0.0,0.0,0.0,0.0,0.0,0.0
457,104612,INACTIVATED - NOVA M 14,0.0,0.0,0.0,0.0,0.0,0.0
458,104613,NUVOLA L 3800/N,0.0,0.0,0.0,0.0,0.0,0.0
459,104614,OCHER SYN-LAK,0.0,0.0,0.0,0.0,0.0,0.0
460,104615,PREFONDO HDR,0.0,0.0,0.0,0.0,0.0,0.0
461,104616,PREFONDO MA (UNICHEM),0.0,0.0,0.0,0.0,0.0,0.0
462,104617,PREFONDO MP,0.0,0.0,0.0,0.0,0.0,0.0
463,104618,PROXY 2130 OPAQUE,0.0,0.0,0.0,0.0,0.0,0.0
464,104619,PT-4235,0.0,0.0,0.0,0.0,0.0,0.0
465,104620,RA-1216,0.0,0.0,0.0,0.0,0.0,0.0
466,104621,INACTIVATED - RC-13-823,0.0,0.0,0.0,0.0,0.0,0.0
467,104622,RC-78-333,0.0,0.0,0.0,0.0,0.0,0.0
468,104623,RI-78-060,0.0,0.0,0.0,0.0,0.0,0.0
469,104624,RODA CRYL 137,40.125,60.831,159.506,66.481,69.579,140.433
470,104625,RODA FEEL S 930,47.608,79.377,87.024,56.076,62.809,74.56
471,104626,RED DHL,0.0,0.0,0.0,0.0,0.0,0.0
472,104627,RED SYN-LAK,0.0,0.0,0.0,0.0,0.0,0.0
473,104628,RED VIOLET SYN-LAK,0.0,0.0,0.0,0.0,0.0,0.0
474,104629,RU-13-045,0.0,0.0,0.0,0.0,0.0,0.0
475,104630,RU-13-046,0.0,0.0,0.0,0.0,0.0,0.0
476,104631,INACTIVATED - RU-22-537,0.0,0.0,0.0,0.0,0.0,0.0
477,104632,RU-3901,0.0,0.0,0.0,0.0,0.0,0.0
478,104633,RU-73-989,0.0,0.0,0.0,0.0,0.0,0.0
479,104634,RUBY DHL,0.076,0.02,0.0,0.035,0.0,0.0
480,104635,SD-51-783,0.0,0.0,0.0,0.0,0.0,0.0
481,104636,SODIO BISOLFITO LIQ.,0.0,0.0,0.0,0.0,0.0,0.0
482,104637,SU-4924,0.0,0.0,0.0,0.0,0.0,0.0
483,104638,SU-8025,0.0,0.0,0.0,0.0,0.0,0.0
484,104639,SYN-TREND BULL,0.0,0.0,0.0,0.0,0.0,0.0
485,104640,SYN-TREND CRACKLE,0.0,0.0,0.0,0.0,0.0,0.0
486,104641,SYN-TREND MEDUSA,0.0,0.0,0.0,0.0,0.0,0.0
487,104642,TOLUENE,18.686,4.17,19.09,10.485,1.72,0.84
488,104643,TOUCHMILL C/LDM (EX MILLITER C/LDM),0.0,0.0,0.0,0.0,0.0,0.0
489,104644,TOUCHMILL C/LDS (EX MILLITER C/LDS),61.25,67.411,16.147,61.278,54.323,41.255
490,104645,TOUCHMILL C/W8 (EX MILLITER C/W8),10.32,78.31,169.79,399.25,79.6,164.552
491,104646,TOUCHMILL MT,0.0,0.0,0.0,0.0,0.0,0.0
492,104647,TOUCHMILL NO SMELL,0.0,0.0,0.0,0.0,0.0,0.0
493,104648,TURQUOISE ISOLAC 90,0.0,0.0,0.0,0.0,0.0,0.0
494,104649,TURQUOISE SYN-REX,0.0,0.0,0.0,0.0,0.0,0.0
495,104650,URESOL H,0.0,0.0,0.0,0.0,0.0,0.0
496,104651,VERDE DHL,0.0,0.0,0.0,0.0,0.0,0.0
497,104652,WAX CW 7003,0.0,0.0,0.0,0.0,0.0,0.0
498,104653,WAX TOP 1949,0.0,0.0,0.0,0.0,0.0,0.0
499,104654,WT-13-097 (EX-64-053),0.0,0.0,0.0,0.0,0.0,0.0
500,104655,WT-13-351 (EX-64-170/3),0.0,0.0,0.0,0.0,0.0,0.0
501,104656,WT-38-459 (EX LF-459),0.0,0.0,0.0,0.0,0.0,0.0
502,104657,WT-72-511/A,0.0,0.0,0.0,0.0,0.0,0.0
503,104658,XR-5570 (EX. XR 05558),0.0,0.0,0.0,0.0,0.0,0.0
504,104659,XR-79-053,0.0,0.0,0.0,0.0,0.0,0.0
505,104660,XWL 11735,0.0,0.0,0.0,0.0,0.0,0.0
506,104661,NOVA M29/03,0.0,0.0,0.0,0.0,0.0,0.0
507,104662,ANTISCHIUMA ANZ 130,0.0,0.0,0.0,0.0,0.0,0.0
508,104663,URESOL 5017,0.0,0.0,0.0,0.0,0.0,0.0
509,104664,IDROTAN FB 150,0.0,0.0,0.0,0.0,0.0,0.0
510,104665,DOWESION BLACK N 932,0.0,0.0,0.0,0.0,0.0,0.0
511,104666,NOVOLAC 110,0.0,0.0,0.0,0.0,0.0,0.0
512,104667,BINDER M-SM 118,0.0,0.0,0.0,0.0,0.0,0.0
513,104668,WASSERLAC N-75,0.0,0.0,0.0,0.0,0.0,0.0
514,104669,DOWESION BROWN N631,0.0,0.0,0.0,0.0,0.0,0.0
515,104670,DOWESION WHITE N131,0.0,0.0,0.0,0.0,0.0,0.0
516,104671,MIKRODERM DEEP BLACK,0.0,0.0,0.0,0.0,0.0,0.0
517,104672,MP1,2329.757,5308.114,5855.911,4418.389,4565.758,3221.367
518,104673,SE W 11 CONC,0.0,0.0,0.0,0.0,0.0,3.9
519,104674,PPE ORANGE,0.0,0.0,0.0,0.0,0.0,0.0
520,104675,MELIO 09-R-179,0.0,0.0,0.0,0.0,0.0,0.0
521,104676,MELIO PROMUL AP-39 A,867.218,1316.648,1789.612,1306.934,1174.126,982.285
522,104677,MELIO N-293 A,0.0,0.0,0.0,0.0,0.0,0.0
523,104678,MELIO PROMUL 68,0.0,0.0,0.0,0.0,0.0,0.0
524,104679,BUTYL ACETATE,0.0,0.0,0.0,0.0,0.0,0.0
525,104680,MEK-CLEANING SOLVENT,170.651,195.294,387.1,213.932,153.281,159.605
526,104681,NOVA TC 8,0.0,0.0,0.0,0.0,0.0,0.0
527,104682,NOVA L 2001 NF,0.0,0.0,0.0,0.0,0.0,0.0
528,104683,NOVA EXP NT/O NF,0.0,0.0,0.0,0.0,0.0,0.0
529,104684,NOVA EXP NT/L NF,0.0,0.0,0.0,0.0,0.0,0.0
530,104685,EUDERM COMPACT UP-GE EXP 2162,0.0,0.0,0.0,0.0,0.0,0.0
531,104686,HYDROFIX 2153,0.0,0.0,0.0,0.0,0.0,0.0
532,104687,HYDROFIX MATT 2032,0.0,0.0,0.0,0.0,0.0,0.0
533,104688,CERANIL D 1656,0.0,0.0,0.0,0.0,0.0,0.0
534,104689,CERANIL D 1188,0.0,0.0,0.0,0.0,0.0,0.0
535,104690,DC65,1.027,0.0,0.0,0.0,0.0,14.25
536,104691,TOUCHMILL C/WS,108.495,134.82,32.288,122.45,108.555,84.53
537,104692,TOUCHMILL F/O11,0.0,0.0,0.0,0.0,0.0,0.0
538,104693,TOUCHMILL C/M,0.0,0.0,0.0,0.0,0.0,0.0
539,104694,TOUCHMILL BL 21,0.0,0.0,0.0,0.0,0.0,0.0
540,104695,RC/FULL,0.0,0.0,0.0,0.0,0.0,0.0
541,104696,LAMSOFT W 81,0.0,0.0,0.0,0.0,0.0,0.0
542,104697,LAMWAX 1,0.0,0.0,0.0,0.0,0.0,0.0
543,104698,LAMOIL TMB,0.0,0.0,0.0,0.0,0.0,0.0
544,104699,NOVA 2073,0.0,0.0,0.0,0.0,0.0,0.0
545,104700,RODA MOD WP-KN,0.0,0.0,0.0,0.0,0.0,0.0
546,104701,EUDERM MATT SN-C,0.0,0.0,0.0,0.0,0.0,0.0
547,104702,SMITFIX G 9017,0.0,0.0,0.0,0.0,0.0,0.0
548,104703,SMITFIX G 9058,0.0,0.0,6.45,2.15,0.0,10.93
549,104704,HYDOLAQ P/2714,0.0,0.0,0.0,0.0,0.0,0.0
550,104705,HYDOLAQ V/60,0.0,0.0,0.0,0.0,0.0,0.0
551,104706,AQUABASE HF LIQ,0.0,0.0,0.0,0.0,0.0,0.0
552,104707,SHINE TIP 68,0.0,0.0,0.0,0.0,0.0,0.0
553,104708,NOVA M 16/NF,0.0,0.0,0.0,0.0,0.0,0.0
554,104709,LAMWAX 6,0.0,0.0,0.0,0.0,0.0,0.0
555,104710,SE 449,0.0,0.0,0.0,0.0,0.0,0.0
556,104711,BRAVOMATT,0.0,0.0,0.0,0.0,0.0,0.0
557,104712,INACTIVATED - MELIO FOAM AX-03,0.0,0.0,0.0,0.0,0.0,0.0
558,104713,BRAVO,0.0,0.0,0.0,0.0,0.0,0.0
559,104714,ADDI FLEX TK 7606,0.0,0.0,0.0,0.0,0.0,0.0
560,104715,ACRILON 2588,0.0,0.0,0.0,0.0,0.0,0.0
561,104716,AQUARIUS MW,0.0,0.0,0.0,0.0,0.0,0.0
562,104717,AQUARIUS ST2,0.0,0.0,0.0,0.0,0.0,0.0
563,104718,ARGOFIX 7500,0.0,0.0,0.0,0.0,0.0,0.0
564,104719,MTW 4526,0.0,0.0,0.0,0.0,0.0,0.0
565,104720,MTW 4594-CT,0.0,0.0,0.0,0.0,0.0,0.0
566,104721,MTW 4593,0.0,0.0,0.0,0.0,0.0,0.0
567,104722,AQUARIUS 3576,0.0,0.0,0.0,0.0,0.0,0.0
568,104723,PROXY 2136/B LUCID,0.0,0.0,0.0,0.0,0.0,0.0
569,104724,VIP 5070,0.0,0.0,0.0,0.0,0.0,0.0
570,104725,WT-78196,0.0,0.0,0.0,0.0,0.0,0.0
571,104726,PROXY 2130/B OPAQUE,0.0,0.0,0.0,0.0,0.0,0.0
572,104727,DILUENT NITRO GL,12509.1,20819.591,29777.309,28232.631,20239.954,21428.709
573,104728,PRIMEX UD 32,0.0,0.0,0.0,0.0,0.0,0.0
574,104729,TRUMP FINISH 6311,71.491,8.22,42.25,44.43,33.78,0.0
575,104730,LAMSOFT SW16,0.0,0.0,0.0,0.0,0.0,0.0
576,104731,HM-3131,0.0,0.0,0.0,0.0,0.0,0.0
577,104732,LAM TOP 5050,0.0,0.0,0.0,0.0,0.0,0.0
578,104733,TRUMP HYDRO PTO,0.0,0.0,0.0,0.0,0.0,0.0
579,104734,TOUCHMILL C/FAT,0.0,0.0,0.0,0.0,0.0,0.0
580,104735,BA 30,0.0,0.0,0.0,0.0,0.0,0.0
581,104736,WT-43-051,0.0,0.0,0.0,0.0,0.0,0.0
582,104737,LW-78-344,0.0,0.0,0.0,0.0,0.0,0.0
583,104738,DOWESION WHITE E121,0.0,0.0,0.0,0.0,0.0,0.0
584,104739,NOVA EXP TC 8 NF,0.0,0.0,0.0,0.0,0.0,0.0
585,104740,CHEMICAL FI-70306,0.0,0.0,0.0,0.0,0.0,0.0
586,104741,CHEMICAL RU-73989,0.0,0.0,0.0,0.0,0.0,0.0
587,104742,RC-2349,0.0,0.0,0.0,3070.792,0.0,0.0
588,104743,ISOLAC BIANCO,0.0,0.0,0.0,0.0,0.0,0.0
589,104744,ISOLAC ORANGE,0.0,0.341,1.89,1.562,0.504,0.295
590,104745,ISOLAC GIALLO ORO,19.895,53.243,69.397,61.742,52.975,34.325
591,104746,ISOLAC LEMON LP,1.157,6.892,1.051,0.24,0.505,0.198
592,104747,ISOLAC OCRA,12.466,20.898,34.167,25.395,16.175,19.99
593,104748,ISOLAC BRUNO,5.483,9.767,15.278,4.504,7.09,5.922
594,104749,ISOLAC BRUNO ROSSO,15.092,34.928,24.499,30.701,22.826,34.495
595,104750,ISOLAC ROSSO,2.737,7.228,15.061,27.042,5.832,10.7
596,104751,ISOLAC RUBY,0.0,0.0,0.0,0.0,0.0,0.0
597,104752,ISOLAC VIOLETTO,40.55,51.491,76.483,74.748,47.436,62.807
598,104753,ISOLAC TURCHESE,12.794,20.623,43.137,16.656,20.586,17.302
599,104754,ISOLAC NERO,90.919,135.642,200.536,179.438,113.23,130.018
600,104755,BRITEX ARCTIC,0.0,0.0,0.0,0.0,0.0,0.0
601,104756,BRITEX BLACK,5.404,6.777,7.316,9.388,1.499,10.374
602,104757,BRITEX BROWN,0.68,0.0,0.208,0.72,0.0,0.0
603,104758,BRITEX ORANGE,0.0,0.0,0.0,0.0,0.0,0.0
604,104759,BRITEX LEMON ICE,0.0,0.0,0.0,0.0,0.0,0.0
605,104760,BRITEX YELLOW,0.0,0.0,0.0,0.0,0.0,0.0
606,104761,BRITEX RED,0.0,0.0,0.0,0.0,0.0,0.0
607,104762,BRITEX RUBY,0.0,0.0,0.0,0.0,0.0,0.0
608,104763,BRITEX MAGNENTA,0.0,0.0,0.0,0.0,0.0,0.0
609,104764,BRITEX VIOLET,0.0,0.0,0.0,0.0,0.0,0.0
610,104765,BRITEX TURQUOISE,0.0,0.0,0.0,0.0,0.0,0.0
611,104766,BRITEX GREEN,0.0,0.0,0.0,0.0,0.0,0.0
612,104767,CONTEX ZITRON,0.0,0.0,0.0,0.0,0.0,0.0
613,104768,CONTEX BRUNO R,0.0,0.0,0.0,0.0,0.0,0.0
614,104769,CONTEX AMARANTO,25.0,45.2,21.0,8.6,15.7,17.42
615,104770,CONTEX BLUE MARINE,0.0,8.7,7.1,3.3,4.3,49.198
616,104771,CONTEX VERDE,0.0,0.0,0.0,0.0,0.0,0.0
617,104772,HYDROFIX 2129,0.0,0.0,0.0,0.0,0.0,0.0
618,104773,TO-VI-97,367.017,448.877,1282.043,654.287,918.866,0.0
619,104774,HM-4918,0.0,0.0,0.0,0.0,0.0,0.0
620,104775,DOWESION GOLDEN YELLOW H252,0.0,0.0,0.0,0.0,0.0,0.0
621,104776,CHEMICAL DC 65,0.0,0.0,0.0,0.0,0.0,0.0
622,104777,MELIO P-4893.B.ID,0.0,0.0,0.0,0.0,0.0,0.0
623,104778,BINDEX SR 150,0.0,0.0,0.0,0.0,0.0,0.0
624,104779,PT-78235,0.0,0.0,0.0,0.0,0.0,0.0
625,104780,EUDERM MATT SN2,0.0,0.0,0.0,27.072,0.0,0.0
626,104781,NOVA EXP M 29/03 NF,0.0,0.0,0.0,0.0,0.0,0.0
627,104782,NUVOLA 4000/T NF,0.0,0.0,0.0,0.0,0.0,0.0
628,104783,NOVA EXP M 14/NF,0.0,0.0,0.0,0.0,0.0,0.0
629,104784,LAMBINDER C167,0.0,0.0,0.0,0.0,0.0,0.0
630,104785,LIGANTE CT,0.0,0.0,0.0,0.0,0.0,0.0
631,104786,CERA ST,0.0,0.0,3.553,0.0,0.0,0.0
632,104787,DERMATOP TP,0.0,0.0,0.0,0.0,0.0,0.0
633,104788,MODIFIER MW 7515,0.0,0.0,0.0,0.0,0.0,0.0
634,104789,ROAD FIX 5020,0.0,0.0,0.0,0.0,0.0,0.0
635,104790,RODAFIX 5010 GLOSS,0.0,0.0,0.0,0.0,0.0,0.0
636,104791,RODA WAX KCF 699,0.0,0.0,0.0,0.0,0.0,0.0
637,104792,RODA LAC S 214,0.0,0.0,0.0,0.0,0.0,0.0
638,104793,RODA GROUND KCF 630,0.0,0.0,0.0,0.0,0.0,0.0
639,104794,RODA LAC ON 3050-N,0.0,0.0,0.0,0.0,0.0,0.0
640,104795,PM-4800,0.0,0.0,0.0,0.0,0.0,0.0
641,104796,RODA BASE DW 4088,0.0,0.0,0.0,0.0,0.0,0.0
642,104797,CONTEX BIANCO ULTRA DOS,0.0,0.0,0.0,0.0,0.0,0.0
643,104798,CONTEX BRUNO V,0.0,0.0,0.0,0.0,0.0,0.0
644,104799,CONTEX NERO M,0.0,0.0,0.0,0.0,0.0,0.0
645,104800,CONTEX OCRA,0.0,0.0,0.0,0.0,0.0,0.0
646,104801,CONTEX ROSSO CO,0.0,0.0,0.0,0.0,0.0,0.0
647,104802,CONTEX BRUNO,0.0,0.0,0.0,0.0,0.0,0.0
648,104803,CONTEX GIALLO ECP,0.0,0.0,0.0,0.0,0.0,0.0
649,104804,CONTEX ARANCIO ECP,0.0,7.5,24.4,0.0,0.0,0.0
650,104805,CONTEX FUCHSIA,0.0,0.0,0.0,0.0,0.0,0.0
651,104806,CONTEX LEMON C,0.0,0.0,0.0,0.0,0.0,0.0
652,104807,CONTEX BLU T,0.0,0.0,0.0,0.0,0.0,0.0
653,104808,CONTEX TURCHESE T,0.0,0.0,0.0,0.0,0.0,0.0
654,104809,CONTEX VIOLETTO R,0.0,0.0,0.0,0.0,0.0,0.0
655,104810,CONTEX ROSSO HTR-CO,0.0,0.0,0.0,0.0,0.0,0.0
656,104811,THICKENER A 25,0.0,0.0,0.0,0.0,0.0,0.0
657,104812,NOVA NT/L NF,0.0,0.0,0.0,0.0,0.0,0.0
658,104813,NOVA NT/O NF,0.0,0.0,0.0,0.0,0.0,0.0
659,104814,PREFONDO RC FULL,0.0,0.0,0.0,0.0,0.0,0.0
660,104815,PREFONDO RCT,0.0,0.0,0.0,0.0,0.0,0.0
661,104816,LAMBINDER CLC 05,0.0,0.0,0.0,0.0,0.0,0.0
662,104817,BINDEX BL 18,0.0,0.0,0.0,0.0,0.0,0.0
663,104818,REFLEX 91 H,0.0,0.0,0.0,0.0,0.0,0.0
664,104819,CORAM T YELLOW,0.0,0.0,0.0,0.0,0.0,0.0
665,104820,HYDROFIX 2268 E,0.0,0.0,0.0,0.0,0.0,0.0
666,104821,HYDROFIX MATT 2345 E,0.0,0.0,0.0,0.0,0.0,0.0
667,104822,DEEP FF,0.0,0.0,0.0,0.0,0.0,0.0
668,104823,LAMWAX 9,0.0,0.0,0.0,0.0,0.0,0.0
669,104824,NOVOLAC 750,3766.226,6365.781,9093.417,2604.29,3600.862,5158.03
670,104825,PREFONDO M / NEW,0.0,0.0,0.0,0.0,0.0,0.0
671,104826,RECAPUR  FIX TVN,0.0,0.0,0.0,0.0,0.0,0.0
672,104827,RECAPUR FIX BQN,0.0,0.0,0.0,0.0,0.0,0.0
673,104828,RECAPUR FIX BRILL 41,0.0,0.0,0.0,0.0,0.0,0.0
674,104829,COMPACT MIX NEW,0.0,0.0,0.0,0.0,0.0,0.0
675,104830,COMPACT HP 2,0.0,0.0,0.0,0.0,0.0,0.0
676,104831,NOVALAC  M 240,0.0,0.0,0.0,0.0,0.0,0.0
677,104832,RECAPUR 560/FR,0.0,0.0,0.0,0.0,0.0,0.0
678,104833,OIL NF,0.0,0.0,0.0,0.0,0.0,0.0
679,104834,NOVOLAC 85/GL,0.0,0.0,0.0,0.0,0.0,0.0
680,104835,NOVALAC  115,0.0,0.0,0.0,0.0,0.0,0.0
681,104836,RECAPUR  FIX SHT /VT,0.0,0.0,0.0,0.0,0.0,0.0
682,104837,TATTO W /20,0.0,0.0,0.0,0.0,0.0,0.0
683,104838,SMITFEEL  3056,0.0,0.0,0.0,0.0,0.0,0.0
684,104839,SMITT FIX M 9410,0.0,0.0,0.0,0.0,0.0,0.0
685,104840,SMIT FIX 9451,0.0,0.0,0.0,0.0,0.0,0.0
686,104841,RODA RECO 1,0.0,0.0,0.0,0.0,0.0,0.0
687,104842,RODA CARE NC,0.0,0.0,0.0,0.0,0.0,0.0
688,104843,RODA FIX 5090,0.0,0.0,0.0,0.0,0.0,0.0
689,104844,RODA FIX 5188 GLOSS,0.0,0.0,0.0,0.0,0.0,0.0
690,104845,RODA FIX 5180 DULL,19.137,0.0,0.0,0.0,0.0,0.0
691,104846,RODA FEEL N 4,506.429,606.471,1208.25,1014.125,1138.993,1228.255
692,104847,RODA FEEL S 2081,1.85,13.35,34.09,52.505,16.52,33.64
693,104848,TOUCHMILL C/232,0.0,0.0,0.0,0.0,0.0,0.0
694,104849,WAX 308,0.0,0.0,0.0,0.0,0.0,0.0
695,104850,RECAPUR 125,0.0,0.0,0.0,0.0,0.0,0.0
696,104851,TRM 004,0.0,0.0,0.0,0.0,0.0,0.0
697,104852,RU 74-987,0.0,0.0,0.0,0.0,0.0,0.0
698,104853,ETHYL ACETATE,0.0,0.0,0.0,0.0,0.0,0.0
699,104854,RODA PUR K 312,0.0,0.0,0.0,0.0,0.0,0.0
700,104855,NOVA 2090 / NF,0.0,0.0,0.0,0.0,0.0,0.0
701,104856,NOVA TC 4 / NF,0.0,0.0,0.0,0.0,0.0,0.0
702,104857,GEAGROUND AN,0.0,0.0,0.0,0.0,0.0,0.0
703,104858,ISO PROPYLIC ALCOHOL,161.105,295.746,421.27,309.84,297.869,368.662
704,104859,SMITPUR 2290,0.0,0.0,0.0,0.0,0.0,0.0
705,104860,ILVECELL S 26 L,0.0,0.0,0.0,0.0,0.0,0.0
706,104861,ILVECELL S 24 OP,0.0,0.0,0.0,0.0,0.0,0.0
707,104862,ILVEMOD SW,0.0,0.0,0.0,0.0,0.0,0.0
708,104863,CROSSLINKING ISC-3,0.0,0.0,0.0,0.0,0.0,0.0
709,104864,PLUS 882,0.0,0.0,0.0,0.0,0.0,0.0
710,104865,CROSSLINKING U,0.0,0.0,0.0,0.0,0.0,0.0
711,104866,ILVEMOD M/GR,0.0,0.0,0.0,0.0,0.0,0.0
712,104867,BASEMASK 5000,494.866,903.443,3164.105,1772.99,2404.434,2411.261
713,104868,BINDER W 207,0.0,0.0,0.0,0.0,0.0,0.0
714,104869,BINDER M-PR 203,0.0,0.0,0.0,0.0,0.0,0.0
715,104870,WT-48-459,0.0,0.0,0.0,0.0,0.0,0.0
716,104871,METALLIC GOLDEN,0.0,0.0,0.0,0.0,0.0,0.0
717,104872,METALLIC BRONZE,0.0,0.0,0.0,0.0,0.0,0.0
718,104873,EX-WT-42-511,138.7,31.3,58.45,33.633,2.5,10.93
719,104874,PP 25-885,0.0,0.0,0.0,0.0,0.0,0.0
720,104875,WASSERLAC N 65,0.0,0.0,0.0,0.0,0.0,0.0
721,104876,RUCO-FLAM SCO,0.0,0.0,0.0,0.0,0.0,0.0
722,104877,CRX S 75 / NT,205.286,336.635,484.529,400.028,296.679,263.056
723,104878,SMITBASE 5123,0.0,0.0,0.0,0.0,0.0,0.0
724,104879,SMITFIX M 9499,0.0,0.0,0.0,0.0,0.0,0.0
725,104880,SMITFIX G 9484,0.0,0.0,0.0,0.0,0.0,0.0
726,104881,SMITFIX G 9011,0.0,0.0,0.0,0.0,0.0,0.0
727,104882,SMITFIX RL 9492,0.0,0.0,0.0,0.0,0.0,0.0
728,104883,SMITWAX 1488/T2,0.0,0.0,0.0,0.0,0.0,0.0
729,104884,SMITFEEL N 3268,0.0,0.0,0.0,0.0,0.0,0.0
730,104885,CRX 3000,0.0,0.0,0.0,0.0,2.73,1.212
731,104886,AQ SYSTEM R 7,0.0,0.0,0.0,0.0,0.0,0.0
732,104887,AQ SYSTEM 281 MATT,0.0,0.0,0.0,0.0,0.0,0.0
733,104888,LAMSOFT SW 68,0.0,0.0,0.0,0.0,0.0,0.0
734,104889,RETICOLANTE 09,0.0,0.0,0.0,0.0,0.0,0.0
735,104890,TRUMP BASE L,0.0,0.0,0.0,0.0,0.0,0.0
736,104891,LS-64-256,365.75,1075.03,1294.872,836.514,1202.957,835.9
737,104892,RECAPUR FIX BQJ,0.0,0.0,0.0,0.0,0.0,0.0
738,104893,INACTIVATED - NITROFIX A 33,0.0,0.0,0.0,0.0,0.0,0.0
739,104894,NITROFIX A 66,0.0,0.0,0.0,0.0,0.0,0.0
740,104895,NITROFIX 508 MATT,0.0,0.0,0.0,0.0,0.0,0.0
741,104896,NITROFIX 306 MATT,0.0,0.0,0.0,0.0,0.0,0.0
742,104897,SOL SYSTEM 50 LUX,0.0,0.0,0.0,0.0,0.0,0.0
743,104898,SOL SYSTEM 60 LUX,0.0,0.0,0.0,0.0,0.0,0.0
744,104899,LEVELLER 200/N,0.0,0.0,0.0,0.0,0.0,0.0
745,104900,NOVA EXP 2052/NF,0.0,0.0,0.0,0.0,0.0,0.0
746,104901,SAMIACEL MACCHIA 3238,0.0,0.0,0.0,0.0,0.0,0.0
747,104902,SAMIACEL MACCHIA 3338,0.0,0.0,0.0,0.0,0.0,0.0
748,104903,BINDEX  WS 15,0.0,0.0,0.0,0.0,0.0,0.0
749,104904,PRIMEX UB 582,0.0,0.0,0.0,0.0,0.0,0.0
750,104905,FOAM A 10,0.0,0.0,0.0,0.0,0.0,0.0
751,104906,BINDER M-SM 225,0.0,0.0,0.0,0.0,0.0,0.0
752,104907,BASEMASK 5800/T1,0.0,0.0,0.0,0.0,0.0,0.0
753,104908,MELIO 02-S-18,0.0,0.0,0.0,0.0,0.0,0.0
754,104909,PREFONDO FF,0.0,0.0,0.0,0.0,0.0,0.0
755,104910,RODA CARE 5754,3226.0,4730.0,5664.0,6924.0,5091.0,4898.0
756,104911,ISOLAC FINISH 2081,0.0,0.0,0.0,0.0,0.0,0.0
757,104912,ADDITIVE PU 2335,0.0,0.0,0.0,0.0,0.0,0.0
758,104913,LS 16-235,0.0,0.0,0.0,0.0,0.0,0.0
759,104914,SAMIACEL LACCA 793,0.0,0.0,0.0,0.0,0.0,0.0
760,104915,SAMIACEL OPACO 813,0.0,0.0,0.0,0.0,0.0,0.0
761,104916,LAMBINDER C 121,0.0,0.0,0.0,0.0,0.0,0.0
762,104917,LAMBINDER C74,0.0,0.0,0.0,0.0,0.0,0.0
763,104918,LAMBINDER CLC/07,0.0,0.0,0.0,0.0,0.0,0.0
764,104919,CRX IN 03,0.0,0.0,0.0,0.0,0.0,0.0
765,104920,CRX 999/ CONC,0.0,0.0,0.0,0.0,0.0,0.0
766,104921,NITROFIX 3743 LUX,0.0,0.0,0.0,0.0,0.0,0.0
767,104922,NITROFIX 3742 MATT,0.0,0.0,0.0,0.0,0.0,0.0
768,104923,TOP RT 10,32.982,77.87,142.062,56.328,2.0,2.855
769,104924,WD 78777,0.0,0.0,0.0,0.0,0.0,0.0
770,104925,WD 1708,0.0,0.0,0.0,0.0,0.0,0.0
771,104926,TOP 100 M,84.751,111.462,218.703,97.282,55.0,0.0
772,104927,NUVOLA RC,0.0,0.0,0.0,0.0,0.0,0.0
773,104928,RODA BASE 5615,0.0,0.0,1508.5,4894.684,4994.355,5678.228
774,104929,RODA BASE RECO 8,2269.05,4249.72,6516.263,3740.0,3013.15,2895.653
775,104930,RODA PUR WX,13.152,0.0,0.0,0.0,0.0,0.0
776,104931,BINDER M-PR 400,12787.833,17499.425,28315.021,14156.165,14314.989,11384.459
777,104932,BINDER W 212,2815.172,5219.465,49.263,0.0,0.0,0.0
778,104933,BINDER M-CC 274,0.0,0.0,0.0,0.0,0.0,0.0
779,104934,RM-4414,0.0,0.0,0.0,0.0,0.0,0.0
780,104935,URS 802 LUCID,0.0,0.0,0.0,0.0,0.0,0.0
781,104936,URS 801 MATT,0.0,0.0,0.0,0.0,0.0,0.0
782,104937,MELIO AQUABASE W-MN,288.6,473.9,554.0,324.7,497.7,578.0
783,104938,COMPACT HP3,6230.743,7307.92,10325.085,12046.252,13121.778,13483.137
784,104939,AQUAFIX LUCIDO 555,856.705,0.0,0.0,0.0,0.0,0.0
785,104940,AQUAFIX OPAQUE 530,0.0,0.0,0.0,0.0,0.0,0.0
786,104941,RODA FIX 2712,0.0,0.0,0.0,0.0,0.0,0.0
787,104942,AQUAFIX OPAQUE 930/D,0.0,0.0,0.0,0.0,0.0,0.0
788,104943,SYNTAL 9220,0.0,0.0,0.0,0.0,0.0,0.0
789,104944,RODA OIL KCF 673,35.0,0.0,35.0,30.0,10.0,0.0
790,104945,RODA OIL 5455,0.0,0.0,0.0,0.0,0.0,0.0
791,104946,RODA WAX KCF 684,0.0,0.0,0.0,0.0,0.0,0.0
792,104947,RODA KCF 92400,0.0,0.0,0.0,0.0,0.0,0.0
793,104948,RODA WAX 6311,0.0,0.0,14.0,0.0,18.9,9.4
794,104949,RODA BASE RECO 3,18.9,19.425,0.5,23.275,27.975,65.35
795,104950,WAX JUMBO,0.0,0.0,0.0,0.0,0.0,0.0
796,104951,SMITFIX RL 9549,0.0,0.0,0.0,0.0,0.0,0.0
797,104952,EX-RC -57-611,0.0,0.0,0.0,0.0,0.0,0.0
798,104953,EX-WT-49-511,0.0,0.0,0.0,0.0,0.0,0.0
799,104954,RECAPUR FIX TAB,0.0,0.0,0.0,0.0,0.0,0.0
800,104955,RECAPUR FIX TAB/O,0.0,0.0,0.0,0.0,0.0,0.0
801,104956,IMPREC MG,0.0,0.0,0.0,0.0,0.0,0.0
802,104957,TATTO TAB,0.0,0.0,0.0,0.0,0.0,0.0
803,104958,TATTO SW,0.0,0.0,0.0,0.0,0.0,0.0
804,104959,EX-LS-64-468,82.4,195.424,165.976,112.8,66.3,22.25
805,104960,RODA LINK 5504/N,411.906,643.146,1048.847,850.076,753.074,873.024
806,104961,RODA PUR 65,0.0,0.0,1919.464,2540.978,1581.0,0.0
807,104962,RODA LEVELLER B-LM,64.092,78.528,177.462,154.956,85.802,151.342
808,104963,RODA CARE NL,433.838,626.825,2500.351,789.368,2209.55,4091.948
809,104964,RODA FIX 6271/B,76.0,289.75,1227.25,768.11,1563.65,312.45
810,104965,RODA LINK C/70,278.378,286.69,557.702,812.682,375.058,405.921
811,104966,SMITFIX M 9556,0.0,0.0,0.0,0.0,0.0,0.0
812,104967,PP 19215,0.0,0.0,0.0,0.0,0.0,0.0
813,104968,PP 19280,0.0,0.0,0.0,30.241,0.0,0.0
814,104969,PP 19226,0.0,0.0,0.0,19.205,0.0,0.0
815,104970,PP 11315,0.0,0.0,0.0,0.0,0.0,0.0
816,104971,BASEMASK 5810,0.0,0.0,0.0,0.0,0.0,0.0
817,104972,SMITBASE 5536,0.0,0.0,0.0,0.0,0.0,0.0
818,104973,TFIX M 9562,14.9,410.683,248.226,1283.363,321.789,727.937
819,104974,SMITFIX G 9387,0.0,0.0,0.0,0.0,0.0,0.0
820,104975,SMITFIX G 9570/T1,0.0,0.0,0.0,0.0,0.0,0.0
821,104976,SAMIACEL OPAQUE 1110,0.0,0.0,0.0,0.0,0.0,0.0
822,104977,ISOLAC FINISH 1141,0.0,0.0,0.0,0.0,0.0,0.0
823,104978,DARKWAX 6G,0.0,0.0,0.0,0.0,0.0,0.0
824,104979,MASTEROIL PUL,0.0,0.0,0.0,0.0,0.0,0.0
825,104980,PRIMEX UB 581,0.0,0.0,0.0,0.0,0.0,0.0
826,104981,SOLGRIP PUR 03 AF,0.0,0.0,0.0,0.0,0.0,0.0
827,104982,BASE PF,0.0,0.0,0.0,0.0,0.0,0.0
828,104983,RECAPUR FIX TVN3,0.0,0.0,0.0,0.0,0.0,0.0
829,104984,PREFONDO SS,0.0,0.0,0.0,0.0,0.0,0.0
830,104985,OIL SA,0.0,0.0,0.0,0.0,0.0,0.0
831,104986,RECAPUR AK 33,0.0,0.0,0.0,0.0,0.0,0.0
832,104987,BUTIL DIGLYCOL,0.0,0.0,0.0,0.0,0.0,0.0
833,104988,RM 2510,241.42,344.4,523.445,461.845,413.18,452.25
834,104989,RM 1080,194.82,213.301,327.44,351.86,302.455,423.547
835,104990,INACTIVATED - ACRYSOL RM 825,0.0,0.0,0.0,0.0,0.0,0.0
836,104991,SAMIACEL LACCA 819,0.0,0.0,0.0,0.0,0.0,0.0
837,104992,SETANIL W G,0.0,0.0,0.0,0.0,0.0,0.0
838,104993,RC 57611/B,0.0,0.0,0.0,0.0,0.0,0.0
839,104994,HM 13-843,0.0,0.0,0.0,0.0,0.0,0.0
840,104995,LA-71-653,0.0,0.0,0.0,0.0,0.0,0.0
841,104996,WT-43-985,0.0,0.0,0.0,0.0,0.0,0.0
842,104997,EX-WT-42518,0.0,0.0,0.0,0.0,0.0,0.0
843,104998,MELIO GROUND P LIQ,0.0,0.0,0.0,0.0,0.0,0.0
844,104999,RM 4410,0.0,0.0,0.0,0.0,0.0,0.0
845,105000,GEALUX 2410,0.0,0.0,0.0,0.0,0.0,0.0
846,105001,GEALUX 2000,0.0,0.0,0.0,0.0,0.0,0.0
847,105002,GEORESIN CKL,0.0,0.0,0.0,0.0,0.0,0.0
848,105003,GEAPUR DNT,0.0,0.0,0.0,0.0,0.0,0.0
849,105004,GEAGROUND MA10,0.0,0.0,0.0,0.0,0.0,0.0
850,105005,GEAGROUND MA99,0.0,0.0,0.0,0.0,0.0,0.0
851,105006,SMITPUR K 2168,0.0,0.0,0.0,0.0,0.0,0.0
852,105007,SKYTONE SERIE,0.0,0.0,0.0,0.0,0.0,0.0
853,105008,BINDER M-RI 99,1072.927,889.913,1695.689,1957.274,2245.429,2402.041
854,105009,INACTIVATED - PRIMAL SB-100,0.0,0.0,0.0,0.0,0.0,0.0
855,105010,LACK FINISH U18 TAB,0.0,0.0,0.0,0.0,0.0,0.0
856,105011,LACK FINISH U18 TAB/O,0.0,0.0,0.0,0.0,0.0,0.0
857,105012,RODA FEEL KTA 950-BR,0.0,0.0,0.0,0.0,0.0,0.0
858,105013,RODA MOD FS,0.0,0.0,0.0,0.0,0.0,0.0
859,105014,RODA WAX KS,0.0,0.0,0.0,0.0,0.0,0.0
860,105015,CA 3303,0.0,0.0,0.0,0.0,0.0,0.0
861,105016,SU-2960,0.0,0.0,0.0,0.0,0.0,0.0
862,105017,SAMIANIL CB BLEU RP,0.0,0.0,0.0,0.0,0.0,0.0
863,105018,SAMIANIL CB ROSSO VIVO RP,0.0,0.0,0.0,0.0,0.0,0.0
864,105019,BASEMASK 6200,0.0,0.0,0.0,0.0,0.0,0.0
865,105020,BASEMASK 5755/T2,176.0,850.0,1050.0,895.0,490.0,559.0
866,105021,EXP AQUAFIX 1016,0.0,0.0,0.0,0.0,0.0,0.0
867,105022,LM TATTO SI 48,0.0,0.0,0.0,0.0,0.0,0.0
868,105023,TO V 146,0.0,0.0,0.0,0.0,0.0,0.0
869,105024,CRX 4255,0.0,0.0,0.0,0.0,0.0,0.0
870,105025,RODA BASE AF-B,0.0,0.0,0.0,0.0,0.0,0.0
871,105026,RODA FIX 6271/C,0.0,0.0,0.0,0.0,0.0,0.0
872,105027,RODA TEC AW,699.89,750.439,1567.521,1194.85,1303.3,1243.374
873,105028,RODA WAX KCF 90212/N,0.0,0.0,0.0,0.0,0.0,0.0
874,105029,RODA BASE SB,0.0,0.0,0.0,0.0,0.0,0.0
875,105030,RODA GROUND 4014,0.0,0.0,0.0,0.0,0.0,0.0
876,105031,RODA BASE RECO 4,0.0,0.0,0.0,0.0,0.0,0.0
877,105032,RODA LAC W 4076 DULL,0.0,0.0,0.0,0.0,0.0,0.0
878,105033,RODA LAC 3,0.0,0.0,0.0,0.0,0.0,0.0
879,105034,SMITZOOM 5755/T2,0.0,0.0,0.0,0.0,0.0,0.0
880,105035,TATTO S8,0.0,0.0,0.0,0.0,0.0,0.0
881,105036,RECAPUR FIX B/90,0.0,0.0,0.0,0.0,0.0,0.0
882,105037,RECAPUR FIX BRILL 21,0.0,0.0,0.0,0.0,0.0,0.0
883,105038,GEAGROUND BASE SNT,0.0,0.0,0.0,0.0,0.0,0.0
884,105039,GEAPUR DULL,0.0,0.0,0.0,0.0,0.0,0.0
885,105040,GEALUX GHS - A,0.0,0.0,0.0,0.0,0.0,0.0
886,105041,GEAGROUND BASA EC,0.0,0.0,0.0,0.0,0.0,0.0
887,105042,SAMIANIL CB ROSSO RP,0.02,0.453,2.165,3.553,0.137,0.148
888,105043,SAMIANIL CB BRUNO RP,1.667,2.362,11.43,4.727,0.0,0.0
889,105044,MELIO EW-365.A,0.0,0.0,0.0,0.0,0.0,0.0
890,105045,SAMIANIL CB NERO RP,2.855,13.369,19.843,5.877,9.154,3.617
891,105046,INACTIVATED - AQ SYSTEM 411 MATT,0.0,0.0,0.0,0.0,0.0,0.0
892,105047,AQ SYSTEM 151 LUX,0.0,0.0,0.0,0.0,0.0,0.0
893,105048,EXP COVERROL B-12,0.0,0.0,0.0,0.0,0.0,0.0
894,105049,RODA LAC WG 4,0.0,0.0,0.0,0.0,0.0,0.0
895,105050,RODA LAC 93,0.0,0.0,0.0,0.0,0.0,0.0
896,105051,TRUMP FINISH 6311/NEW,0.0,0.0,0.0,0.0,0.0,0.0
897,105052,EX-RC-57-368,0.0,0.0,0.0,0.0,0.0,0.0
898,105053,AQ SYSTEM 511 MATT,0.0,0.0,0.0,0.0,0.0,0.0
899,105054,RODA PUR 5323,0.0,0.0,0.0,0.0,0.0,0.0
900,105055,RODA GROUND UP-XS,0.0,0.0,0.0,0.0,0.0,0.0
901,105056,RODA BASE UP,0.0,0.0,0.0,0.0,0.0,0.0
902,105057,RODA CARE C1,0.0,0.0,0.0,0.0,0.0,0.0
903,105058,RODA FIX 5100/N,0.0,0.0,0.0,0.0,0.0,0.0
904,105059,RODA FEEL S 2075-BR,0.0,0.0,0.0,0.0,0.0,0.0
905,105060,RODA BASE 5073,0.0,0.0,0.0,0.0,0.0,0.0
906,105061,WT-43-118,0.0,0.0,0.0,0.0,0.0,0.0
907,105062,FI 18383,0.0,0.0,0.0,0.0,0.0,0.0
908,105063,FI 18988,0.0,8.0,0.0,0.0,0.0,0.0
909,105064,WAX 1204,0.0,0.0,0.0,0.0,0.0,0.0
910,105065,GEAPUR F-40,0.0,0.0,0.0,0.0,0.0,0.0
911,105066,SMITAUXY 3577,0.0,0.0,0.0,0.0,0.0,0.0
912,105067,SMITBASE 5349,0.0,0.0,0.0,0.0,0.0,0.0
913,105068,SMITWAX  N 1391,0.0,0.0,0.0,0.0,0.0,0.0
914,105069,SMITPUR 2029,0.0,0.0,0.0,0.0,0.0,0.0
915,105070,SMITCRYL 2088,0.0,0.0,0.0,0.0,0.0,0.0
916,105071,SMITWAX 1537/T1,0.0,0.0,0.0,0.0,0.0,0.0
917,105072,SMITFIX 9620/T1,0.0,0.0,0.0,0.0,0.0,0.0
918,105073,SMITFEEL 3529/T1,0.0,0.0,0.0,0.0,0.0,0.0
919,105074,SMITFIX G 9576/T1,0.0,0.0,0.0,0.0,0.0,0.0
920,105075,SMITFIX E  9118,0.0,0.0,0.0,0.0,0.0,0.0
921,105076,RODA BC 5073,0.0,0.0,0.0,0.0,0.0,0.0
922,105077,FLAME RETARDANT,0.0,0.0,0.0,0.0,0.0,0.0
923,105078,RU 43-989,0.0,0.0,0.0,271.102,0.0,0.0
924,105079,RODA CARE CE/N2,0.0,0.0,80.0,0.0,0.0,0.0
925,105080,RODA CARE HB,0.0,0.0,0.0,0.0,0.0,0.0
926,105081,RODA LAC CAB GLOSS,0.0,0.0,0.0,0.0,0.0,0.0
927,105082,ISOLAC FINISH 926,0.0,0.0,0.0,0.0,0.0,0.0
928,105083,BASE MASK 5519,0.0,0.0,0.0,0.0,0.0,0.0
929,105084,GEALUX QT,2.25,64.5,38.25,70.17,62.205,109.4
930,105085,GEAGROUND EC,0.0,0.0,0.0,0.0,0.0,0.0
931,105086,EX WT 43 051,1707.125,1663.325,3237.93,3802.321,2169.665,2946.535
932,105087,RODA WAX KCF 616,0.0,0.0,0.0,0.0,0.0,0.0
933,105088,WAX FINISH 1053,0.0,0.0,0.0,0.0,0.0,0.0
934,105089,WAX TOP 2100,0.0,0.0,0.0,0.0,0.0,0.0
935,105090,POLISAN-GRUND C 250,0.0,0.0,0.0,0.0,0.0,0.0
936,105091,AQ SYSTEM 970 LUX,0.0,0.0,0.0,0.0,0.0,0.0
937,105092,CONTEX AMBRA,0.0,0.0,0.0,0.0,0.0,0.0
938,105093,NAOH,0.0,0.0,0.0,0.0,0.0,0.0
939,105094,ACETONE *,0.0,0.0,0.0,0.0,0.0,0.0
940,105098,MAX FINISH 6311,0.0,0.0,0.0,0.0,0.0,0.0
941,105099,WAX CLASSIC WAX 1,0.0,0.0,0.0,0.0,0.0,0.0
942,105101,EX-RC-43-200,0.0,0.0,0.0,0.0,0.0,0.0
943,105103,NETZMITTEL 44 B,0.0,0.0,0.0,0.0,0.0,0.0
944,105105,NP-9,0.0,0.0,0.0,0.0,0.0,0.0
945,105114,SODA CASTIC,0.0,0.0,150.0,300.0,0.0,25.0
946,105123,AQUALEN P -179,0.0,0.0,0.0,0.0,0.0,0.0
947,105124,SUPRONIL BLACK LD-5915,0.0,0.0,0.0,0.0,0.0,0.0
948,105126,ANTIFOAM NS-165,5.66,6.642,3.263,4.704,2.008,87.934
949,105127,BIOTHANE UW 6522,0.0,0.0,0.0,0.0,0.0,0.0
950,105135,DOWELLIC RA1260,0.0,0.0,0.0,5.945,0.0,0.0
951,105142,RODA CARE GS,0.0,0.0,0.0,0.0,0.0,0.0
952,105143,SAMIANIL CB GIALLO,0.0,0.0,0.0,0.0,0.0,0.0
953,105150,AQ SYSTEM 555 LUX,1100.454,3268.42,4490.753,1263.778,3320.816,2234.754
954,105151,BINDER W 207,0.0,1313.063,7176.069,6261.962,8100.237,4886.732
955,105152,ETHANOL 98%,0.0,0.0,0.0,0.0,0.0,0.0
956,105153,FYL WAX CERA ST,0.0,0.0,0.0,0.0,0.0,0.0
957,105154,SHELLAC,0.0,0.0,0.0,0.0,0.0,0.0
958,105156,WAX G,0.0,0.0,0.0,0.0,0.0,0.0
959,105157,HARDNER UR 26,0.0,0.0,0.0,0.0,0.0,0.0
960,105158,FYL WAX 6G,0.0,0.0,0.0,0.0,0.0,0.0
961,105159,INACTIVATED - RETICOLANTE 05,0.0,0.0,0.0,0.0,0.0,0.0
962,105161,PM1–CLEANING,0.0,0.0,0.0,0.0,0.0,0.0
963,105165,LS-76-235,0.0,0.0,0.0,0.0,0.0,0.0
964,105166,CRX 4662,0.0,0.0,0.0,0.0,0.0,0.0
965,105167,AQUABASE HP,0.0,0.0,0.0,0.0,0.0,0.0
966,105168,MELIO GROUND PG.A,0.0,0.0,0.0,0.0,0.0,0.0
967,105170,AQ SYSTEM EF 91/8,0.0,0.0,0.0,0.0,0.0,0.0
968,105173,SMITFIX G 9631,32.004,266.629,382.465,2250.931,119.06,201.38
969,105174,SMITFIX G 9590/T1,0.0,0.0,0.0,0.0,0.0,0.0
970,105175,SMITFIX G 9633,0.0,62.791,50.245,61.667,24.193,48.805
971,105176,DERMATOP DULL S,0.0,0.0,0.0,0.0,83.173,167.89
972,105177,CRX RT CONC,0.0,0.0,0.0,22.647,37.74,62.913
973,105178,FYL WAX PW/00,0.0,0.0,0.0,0.0,0.0,0.0
974,105179,WASSERLAC 77 ACB,0.0,0.0,0.0,0.0,189.9,879.6
975,105180,OXY FINE NERO FR,0.0,0.0,0.0,0.0,661.55,1338.232
976,105181,SULFURIC ACID,0.0,0.0,0.0,0.0,0.0,0.0
977,105182,DIPHENYLAMINE,0.0,0.0,0.0,0.0,0.0,0.0
978,105185,OXY FINE BLU CO,0.0,0.0,0.0,0.0,0.0,0.0
979,105186,OXY FINE ARANCIO CO,0.0,0.0,0.0,0.0,0.0,0.0
980,105187,OXY FINE TURCHESE,0.0,0.0,0.0,0.0,0.0,0.0
981,105188,OXY FINE VERDE,0.0,0.0,0.0,0.0,0.0,0.0
982,105189,CRX 657,0.0,0.0,0.0,0.0,0.0,0.0
983,105190,FYL WAX 2500,0.0,0.0,0.0,0.0,0.0,0.0
984,105192,PRIMEX 3057,0.0,0.0,0.0,0.0,0.0,0.0
985,105193,ADDITIVE LIV 2455/2,0.0,0.0,0.0,0.0,0.948,1.1
986,105194,AQ SYSTEM 535 LUX,0.0,0.0,0.0,0.0,0.0,0.0
987,105195,AQ SYSTEM IW3 MATT-E,0.0,0.0,0.0,0.0,0.0,0.0
988,105196,AQ SYSTEM RC 1,0.0,0.0,0.0,0.0,0.0,0.0
989,105197,AQ SYSTEM 411 MATT,0.0,0.0,0.0,0.0,0.0,0.0
990,105198,CRX 3180,0.0,0.0,0.0,0.0,0.0,0.0
991,105199,CRX 3170,0.0,0.0,0.0,0.0,0.0,0.0
992,105200,CRX 657,0.0,0.0,0.0,0.0,0.0,0.0
993,105203,RODA FIX 6306,126.3,48.525,37.2,591.671,118.97,459.57
994,105204,RODA FIX 5114 DULL,0.0,0.0,0.0,0.0,0.0,0.0
995,105205,HM-22-132,42.062,47.64,43.663,49.301,39.83,28.01
996,105208,SAMIANIL CB FUXIA RP,0.0,0.0,0.0,0.0,0.0,0.0
997,105209,SAMIANIL CB LIMONE RP,0.0,0.0,0.0,0.0,0.0,0.0
998,105210,SAMIANIL CB ARANCIO RP,0.0,0.0,0.0,0.0,0.0,0.0
999,105211,RODA WAX BT,0.0,0.0,0.0,0.0,0.0,0.0
1000,105212,RODA MOD PA,0.0,0.0,0.0,0.0,0.0,0.0
1001,105213,DOWESION BRILLIANNT BLUE N832,0.0,0.0,0.0,49.425,0.0,0.0
1002,105214,DOWESION BLUE F871,0.0,0.0,0.0,1.71,0.0,0.0
1003,105215,DOWESION ORANGE N531,0.0,0.0,0.0,3.71,0.0,0.0
1004,105216,DOWESION ORANGE F571,0.0,0.0,0.0,3.613,0.0,0.0
1005,105217,DOWESION PINK N432,0.0,0.0,0.0,11.677,0.0,0.0
1006,105218,FOUNDER ROLLER 2515,0.0,0.0,0.0,0.0,0.0,0.0
1007,105219,DOWESION ROSE PINK F379,0.0,0.0,0.0,12.846,0.0,0.0
1008,105220,NEOFILM STUCCO 2499              ,0.0,0.0,0.0,0.0,0.0,0.0
1009,105221,NITROFIX A 99,0.0,0.0,0.0,0.0,0.0,0.0
1010,105222,NITROFIX A 33,0.0,0.0,0.0,0.0,0.0,0.0
1011,105223,EXP AQ SYSTEM EF 91/8,1260.0,2543.487,2292.335,2630.812,1861.405,2557.733
1012,105227,DOWESION GREEN F771,0.0,0.0,0.0,0.839,0.0,0.0
1013,105228,RI-2060,0.0,0.0,0.0,0.0,0.0,0.0
1014,105229,MELIO RESIN A-712 ,0.0,0.0,0.0,0.0,0.0,0.0
1015,105230,DOWELLIC RA 1861,0.0,0.0,0.0,0.625,0.0,0.0
1016,105231,DOWELLIC RA 1863,0.0,0.0,0.0,0.0,0.0,0.0
1017,105234,RECAPUR FIX VARNISH,0.0,0.0,0.0,0.0,0.0,0.0
1018,105236,DOWELLIC OLI 5262,0.0,0.0,0.0,0.05,0.0,0.0
1019,105242,INACTIVATED RODA FIX 6306,0.0,0.0,0.0,0.0,0.0,0.0
1020,105243,INACTIVATED RODA FEEL S 2075-BR,0.0,0.0,0.0,0.0,0.0,0.0
1021,105244,RODA LINK 5777,0.0,0.0,0.0,0.0,0.0,0.0
1022,105245,DOWELLIC DRIVER -5511,0.0,0.0,0.0,1.5,0.0,0.0
1023,105248,NATRI PHOSPHATE,0.0,0.0,0.0,0.0,0.0,0.0
1024,105250,POLIM SCAMBIATORI,0.0,0.0,0.0,0.0,0.0,0.0
1025,105255,MA-22-617,0.0,8.726,6.887,11.044,14.946,34.891
1026,105256,XR-5525,0.0,0.0,0.0,0.0,0.0,0.0
1027,105257,MA-22-617,0.0,0.0,0.0,0.0,0.0,0.0
1028,105261,INACTIVATED NATRI PHOSPHATE,0.0,0.0,0.0,0.0,0.0,0.0
1029,105263,RODA FEEL 768/ N,1.8,3.25,8.175,27.974,11.617,1.915
1030,105265,AQUALEN TOP ATP,0.0,0.0,0.0,0.0,0.0,0.0
1031,105266,MELIO RESIN A-946,0.0,0.0,0.0,0.0,0.0,0.0
1032,105267,LEPTON BINDER SP,0.0,0.0,0.0,0.0,0.0,0.0
1033,105273,BUSAN 100,0.0,0.0,0.0,0.0,0.0,0.0
1034,105274,BUSAN 7654,0.0,0.0,0.0,0.0,0.0,0.0
1035,105275,PP-11-380,0.0,0.0,0.0,5.0,0.0,0.0
1036,105277,EUKESOLAR TURCHESE EB,0.0,0.0,0.0,0.0,0.0,0.0
1037,105278,LEVADERM YELLOW WB EXP 2210,0.0,0.0,13.3,0.0,0.0,0.0
1038,105279,LEVADERM LEMON WB EXP 2303,0.0,0.0,3.3,0.0,0.0,0.0
1039,105280,SELLADERM LIMONE M2,0.0,0.0,0.0,0.0,0.0,0.0
1040,105281,RODA DYE BLACK NF,0.0,0.0,0.0,0.0,0.0,0.0
1041,105282,BUTYL CELLOSOLVE (BCS),0.0,188.0,0.0,188.0,0.0,188.0
1042,105283,BUTYL CARBITOL (BC),47.632,142.606,141.583,134.023,124.03,134.525
1043,105284,LEVADERM LIGHT BROWN WB EXP 2256,0.0,0.0,20.6,0.0,0.0,0.0
1044,105285,LEVADERM LEMON,0.0,0.0,0.0,0.0,0.0,0.0
1045,105286,LEVADERM GREEN WB EXP 2215,0.0,0.0,26.2,0.0,0.0,0.0
1046,105287,LEVADERM GREY WB EXP 2219,0.0,0.0,13.3,0.0,0.0,0.0
1047,105288,MK REFLEX ZAFFERANO,0.0,0.0,0.0,0.0,0.0,0.0
1048,105289,MK REFLEX EBANO,0.0,0.0,0.0,0.0,0.0,0.0
1049,105290,MK REFLEX CILIEGIO,0.0,0.0,0.0,0.0,0.0,0.0
1050,105291,MK REFLEX TURCHESE,0.0,0.0,0.0,0.0,0.0,0.0
1051,105299,MK REFLEX SMERALDO,0.0,0.0,0.0,0.0,0.0,0.0
1052,105302,RA-2,0.0,0.0,0.0,0.0,0.0,0.0
1053,105303,MK REFLEX MELANZANA,0.0,0.0,0.0,0.0,0.0,0.0
1054,105304,EXP COVER DDR/01,0.0,0.0,0.0,0.0,0.0,0.0
1055,105305,Busan 1346,0.175,0.15,0.1,0.0,0.0,0.0
1056,105310,RODA LAC S 214/N,2004.548,2774.252,4227.541,4463.369,2521.553,3351.581
1057,105311,MK REFLEX RUBINO,0.0,0.0,10.0,0.0,0.0,0.0
1058,105313,PP 8030,0.0,0.0,0.0,0.0,0.0,0.0
1059,105314,PP 8031,0.0,0.0,0.0,0.0,0.0,0.0
1060,105315,PP 8045,0.0,0.0,0.0,0.0,0.0,0.0
1061,105316,PP 8055,0.0,0.0,0.0,0.0,0.0,0.0
1062,105317,PP 8040,0.0,0.0,0.0,0.0,0.0,0.0
1063,105318,MK REFLEX CASTAGNO,0.0,0.0,0.0,0.0,0.0,0.0
1064,105319,MK REFLEX AMBRA,0.0,0.0,0.0,0.0,0.0,0.0
1065,105321,BASEMUSK 5500,0.0,0.0,0.0,0.0,0.0,0.0
1066,105322,PEARL GOLD,0.0,0.0,0.0,0.0,0.0,0.0
1067,105323,PEARL BRONZE,0.0,0.0,0.0,0.0,0.0,0.0
1068,105324,PEARL COPPER,0.0,0.0,0.0,0.0,0.0,0.0
1069,105325,PEARL WHITE - IRIODIN,0.0,0.0,0.0,0.0,0.0,0.0
1070,105326,SU-16-235,0.0,0.0,0.0,0.0,0.0,0.0
1071,105330,DOWELLISH TOP G7081,0.0,0.0,0.0,0.0,0.0,0.0
1072,105333,BINDER BASE PF,0.0,0.0,0.0,0.0,0.0,0.0
1073,105336,EX-SU-76-235,770.162,1228.924,1716.775,1504.437,1009.688,1215.791
1074,105337,PM-4700,0.0,0.0,0.0,0.0,0.0,0.0
1075,105339,BASEMASK 5901,0.0,0.0,0.0,0.0,0.0,0.0
1076,105340,EXP SYNTAL 1,0.0,0.0,0.0,0.0,0.0,0.0
1077,105343,CONTEX ARANCIO HTR,0.0,0.0,0.0,0.0,0.0,0.0
1078,105344,CONTEX BLACK NIR,0.0,0.0,0.0,0.0,0.0,0.0
1079,105345,CONTEX BORDO',0.0,0.0,0.0,0.0,0.0,0.0
1080,105346,CONTEX GIALLO SOLE,0.0,0.0,0.0,0.0,0.0,0.0
1081,105347,CONTEX VIOLA B,0.0,0.0,0.0,0.0,0.0,0.0
1082,105348,CONTEX VIOLETTO HTR,0.0,0.0,0.0,0.0,0.0,0.0
1083,105349,RODA FEEL S 2075,1.088,0.55,0.368,0.416,0.652,6.372
1084,105350,RODA FIX 5020,0.0,0.0,0.0,0.0,0.0,0.0
1085,105351,RETICOLANTE 640,0.0,0.0,0.0,0.0,0.0,0.0
1086,105352,ICALAC SB MATT,0.0,0.0,0.0,0.0,0.0,0.0
1087,105353,LS-64-296,0.0,0.0,0.0,0.0,0.0,0.0
1088,105355,HYGROUND 5370,0.0,0.0,0.0,0.0,0.0,0.0
1089,105356,FYL OIL E,0.0,0.0,0.0,0.0,0.0,0.0
1090,105357,FYL WAX 707,0.0,0.0,0.0,0.0,0.0,0.0
1091,105358,WASSERLAC 3013,0.0,0.0,0.0,0.0,0.0,0.0
1092,105359,FYL TOP PTS 12,0.0,0.0,0.0,0.0,0.0,0.0
1093,105360,AQ SYSTEM 470 LUX,0.0,0.0,0.0,0.0,0.0,0.0
1094,105361,AQ SYSTEM 710 MATT,0.0,0.0,0.0,0.0,0.0,0.0
1095,105362,SYNTAL 2251/1,0.0,0.0,0.0,0.0,0.0,0.0
1096,105363,LW-64-490,0.0,0.0,0.0,0.0,0.0,0.0
1097,105364,FI-77,0.0,0.0,0.0,0.0,0.0,0.0
1098,105365,BASEMASK 5295,0.0,0.0,0.0,0.0,0.0,0.0
1099,105366,BASEMASK 5566,0.0,0.0,0.0,0.0,0.0,0.0
1100,105367,SMITBASE 5586,0.0,0.0,0.0,0.0,0.0,0.0
1101,105368,RODACRYL 114,0.0,0.0,0.0,0.0,0.0,0.0
1102,105369,RODA PUR ADX,6.031,3.186,37.483,27.437,4.585,2.4
1103,105370,RODA FIX 5792/N,0.0,0.0,0.0,0.0,0.0,0.0
1104,105371,RODA BASE RECO 2,0.0,0.0,0.0,0.0,0.0,0.0
1105,105372,RODA BASE 5786,0.0,0.0,0.0,0.0,0.0,0.0
1106,105373,RODA PUR 64,0.0,0.0,0.0,0.0,0.0,0.0
1107,105374,PRODUCT FX-5264 DULL,0.0,0.0,0.0,0.0,0.0,0.0
1108,105375,PRODUCT FX-5284 GLOSS,0.0,0.0,0.0,0.0,0.0,0.0
1109,105376,TOPCELL VOC FREE,0.0,0.0,357.5,4134.0,2131.5,1229.133
1110,105379,SUPRONIL HP GREEN 5573,0.0,0.0,0.0,0.0,0.0,0.0
1111,105380,SUPRONIL HP TURCHOISE 5574,0.0,0.0,0.0,0.0,0.0,0.0
1112,105381,SUPRONIL HP BLUE 5562,0.0,0.0,0.0,0.0,0.0,0.0
1113,105384,SAMIANIL LUX VERDE,0.0,0.0,0.0,0.0,0.0,0.0
1114,105385,SUPRONIL BLUE LD 5962,0.0,0.0,0.0,0.0,0.0,0.0
1115,105387,AQUALEN TOP LN.A,0.0,0.0,0.0,0.0,0.0,0.0
1116,105393,RODA FEEL KTA 950,50.06,103.3,180.446,175.804,47.83,154.81
1117,105395,SELLA DERM CITRON M2,0.0,0.0,0.0,0.0,0.0,0.0
1118,105402,ICALAC SB1 MATT,3.0,112.598,42.1,63.65,47.35,80.7
1119,105403,RODA GROUND 4078,0.0,0.0,0.0,0.0,0.0,0.0
1120,105404,LEVADERM BLACK W NF,0.0,0.0,3.3,0.0,0.0,0.0
1121,105405,SCARLATTO EUROLANA ML LIQ.,0.0,0.0,25.0,0.0,0.0,0.0
1122,105407,METALIC BRONZE - NHU DONG NGUYEN CHAT 800,0.0,0.0,0.36,0.0,0.0,0.0
1123,105408,AQ SYSTEM 3292 LUX,0.0,0.0,0.0,0.0,0.0,0.0
1124,105409,RODA GROUND RECO 5,32.018,32.196,161.966,126.136,25.695,8.4
1125,105410,EX-WT-35-711,3771.203,4217.627,9089.834,6042.147,3876.583,5906.343
1126,105411,XR-2514,0.0,0.0,0.0,0.0,0.0,0.0
1127,105412,AMONIAC 22?,0.0,0.0,0.0,0.0,0.0,0.0
1128,105417,METALIC BRONZE - NHU DONG DO 2500,0.0,0.0,0.0,0.0,0.0,0.0
1129,105422,CRX 600,0.0,0.0,0.0,0.0,0.0,0.0
1130,105424,DOWESION WHITE N136B,0.0,0.0,0.0,0.0,0.0,0.0
1131,105425,FYL WAX 2353,0.0,0.0,0.0,0.0,0.0,0.0
1132,105441,ALPATOP F 148 L,0.0,0.0,0.0,0.0,0.0,0.0
1133,105442,ALPATOP F 146 MATT,0.0,0.0,0.0,0.0,0.0,0.0
1134,105443,ICAFIX 282,0.0,0.0,0.0,33.95,81.0,18.2
1135,105444,DOWESION LEMON F271YL,0.0,0.0,0.0,2.88,0.0,0.0
1136,105445,DOWESION ORANGE RED F572YL,0.0,0.0,0.0,10.143,0.0,0.0
1137,105446,DOWESION LEMON H251YL,0.0,0.0,0.0,0.0,0.0,0.0
1138,105447,DOWESION GOLDEN YELLOW H252YL,0.0,0.0,0.0,0.0,0.0,0.0
1139,105455,OXY CAR CITRON HP,20.945,41.914,92.8,65.646,66.678,54.315
1140,105457,OXY CAR MOGANO HP,51.986,27.274,81.31,62.57,30.562,36.701
1141,105458,OXY CAR AMARANTH HP,23.073,36.688,61.853,57.329,18.954,14.298
1142,105459,OXY CAR OCEAN BLUE HP,16.051,31.854,30.267,58.705,15.314,39.324
1143,105460,OXY FINE BIANCO RD,1438.303,2887.158,4365.463,3585.769,3706.072,3468.251
1144,105461,OXY CAR BROWN VIOLET HP,188.907,238.217,466.19,322.99,312.017,367.497
1145,105462,OPERA RUBINO,11.462,14.423,38.084,19.34,19.825,18.315
1146,105463,OPERA VERDE,17.314,49.656,83.139,41.334,65.861,121.707
1147,105464,OPERA NERO FR,649.881,904.514,1657.352,1214.343,659.825,59.097
1148,105465,OPERA OCRA DL,1245.796,1632.234,2350.858,2204.25,2232.063,2356.983
1149,105466,OPERA ROSSO DL,60.023,24.165,120.333,59.433,53.894,57.386
1150,105467,OPERA BRUNO DL,189.507,253.012,308.23,304.121,268.429,318.828
1151,105468,OPERA GIALLO,231.412,220.084,747.646,586.211,400.578,336.4
1152,105469,OPERA LIMONE,127.361,311.667,401.433,251.378,149.87,177.308
1153,105470,OPERA TURCHESE,53.257,42.146,172.501,71.925,68.329,98.6
1154,105471,OPERA PORPORA,32.003,31.407,32.411,38.149,18.331,48.621
1155,105472,OPERA ARANCIO,62.031,91.42,119.072,38.392,69.895,106.402
1156,105473,OPERA BLU,98.791,104.218,201.555,131.992,240.918,243.395
1157,105474,OXY CAR BORDEAUX HP,1.956,10.196,20.668,12.732,11.514,34.699
1158,105475,OXY FINE VIOLETTO,49.221,32.553,46.479,71.055,24.924,13.867
1159,105476,OPERA VINACCIA,47.45,98.417,162.539,114.183,128.883,136.438
1160,105478,PP-77-315 BLACK,0.0,0.0,0.0,0.0,0.0,0.0
1161,105479,PP-11-139 WHITE,0.0,0.0,0.0,315.973,0.0,0.0
1162,105480,RU-43-919,0.0,0.0,0.0,0.0,0.0,0.0
1163,105481,FI-1700,0.0,0.0,0.0,433.858,0.0,0.0
1164,105482,GROUND 8385,0.0,0.0,0.0,0.0,0.0,0.0
1165,105483,UW-102,0.0,0.0,0.0,727.0,0.0,0.0
1166,105484,AQUAGRADE SUPERMATT,0.0,0.0,0.0,373.0,0.0,0.0
1167,105485,AQUADERM XL 80,0.0,0.0,0.0,0.0,2.73,0.0
1168,105492,SELLA DERM YELLOW M2,3.844,12.358,14.162,11.43,9.984,4.637
1169,105493,SUPRONIL YELLOW LD-5928,0.0,0.0,0.0,0.0,0.0,0.0
1170,105498,ETHYL ALCOHOL (ETHANOL 90),0.0,0.0,267.0,0.0,0.0,0.0
1171,105500,CRX 7222,0.0,0.0,0.0,0.0,0.0,0.0
1172,105501,AQUADERM XL 71,0.0,0.0,0.0,0.0,2.73,0.0
1173,105503,ASTACIN FINISH PS,0.0,0.0,0.0,0.0,0.0,0.0
1174,105504,AQUADERM XL DI 2,0.0,0.0,0.0,0.0,3.64,0.0
1175,105505,ASTACIN FINISH PUMN TF,1559.922,2434.501,2423.054,20.864,1424.948,2611.971
1176,105513,ISOLAC BIANCO N LP,3.936,18.976,9.893,5.473,2.661,2.867
1177,105515,SAMIACEL OPACO 813 ET,497.05,751.01,1279.34,665.282,953.216,635.524
1178,105516,RODA CARE HB-B,99.0,37.6,53.4,134.5,267.92,346.0
1179,105518,DOWELLEX RC 3310,0.0,0.0,0.0,1711.383,0.0,0.0
1180,105519,EXPANCEL 461-WE-20D36,0.0,0.0,0.0,60.002,0.0,0.0
1181,105520,RU-3910,0.0,0.0,0.0,1128.563,0.0,0.0
1182,105521,RC-77-022,0.0,0.0,0.0,0.0,0.0,0.0
1183,105533,SAMIACEL LACCA 793 ET,76.82,503.421,400.782,394.076,412.159,611.234
1184,105534,SAMIACEL MACCHIA 3338 ET,157.089,306.963,318.451,359.801,139.466,272.522
1185,105535,OPERA MANDARINO,24.835,4.864,49.914,30.592,37.761,13.988
1186,105541,PP-19-256,0.0,0.0,0.0,4.65,0.0,0.0
1187,105542,PP-19-261,0.0,0.0,0.0,82.451,0.0,0.0
1188,105543,DC-U2,0.0,0.0,0.0,96.74,0.0,0.0
1189,105544,AR-624,0.0,0.0,0.0,20.75,0.0,0.0
1190,105545,RODA WAX 4092,3.033,11.166,43.12,41.779,2.565,0.0
1191,105546,SELLA DERM BROWN M2,0.8,3.31,3.076,9.178,3.775,3.109
1192,105547,SELLA DERM LIGHT BLUE M2,0.0,0.185,0.976,1.633,0.09,0.169
1193,105548,SELLA DERM FUCHSIA M2,0.056,2.467,2.225,2.939,3.581,0.614
1194,105549,SELLA DERM ORANGE M2,4.228,4.085,2.688,0.005,0.0,0.0
1195,105550,RODA PUR K 312/F,31.181,178.869,392.667,114.897,48.04,55.868
1196,105554,RODA LAC ON 3050-N3,3.78,9.248,22.4,13.715,7.525,17.5
1197,105556,PP-19-271 (GREEN PIGMENT),0.0,0.0,0.0,2.458,0.0,0.0
1198,105557,NEOSAN 2000 MAGENTA (PIGMENT),0.0,0.0,0.0,21.031,0.0,0.0
1199,105558,NEOSAN 2000 BEIGE (PIGMENT),0.0,0.0,0.0,7.129,0.0,0.0
1200,105559,RODA BASE AF-B/N,80.729,39.271,29.563,99.141,160.026,293.709
1201,105560,RODA FIX 5792/N2,0.0,0.0,0.0,0.0,0.0,0.0
1202,105561,DYE BEST J,0.0,0.0,0.0,0.0,0.0,0.0
1203,105565,MERLYN ECO-TAN,0.0,0.0,0.0,0.0,0.0,0.0
1204,105586,111FT,0.0,0.0,0.0,0.0,0.0,0.0
1205,105589,SHADE ORANGE/EJ,0.0,0.0,0.0,0.0,0.0,0.0
1206,105590,SHADE WHITE/EJ,0.0,0.0,0.0,0.0,0.0,0.0
1207,105591,SHADE TAN/EJ,0.0,0.0,0.0,0.0,0.0,0.0
1208,105592,SHADE BROWN/EJ,0.0,0.0,0.0,0.0,0.0,0.07
1209,105593,SHADE YELLOW/EJ,0.0,0.0,0.0,0.0,0.0,0.0
1210,105594,SHADE LEMON/EJ,0.0,0.0,6.23,14.975,9.009,5.042
1211,105595,SHADE BLACK/EJ,0.0,0.0,0.0,0.0,0.0,0.0
1212,105596,SHADE CARAMEL/EJ,0.0,0.0,0.0,0.0,0.0,0.0
1213,105597,SHADE RED/EJ,0.0,0.0,0.0,0.0,0.0,0.0
1214,105598,SHADE BLU/EJ,0.0,0.0,0.0,0.0,0.0,0.0
1215,105599,SHADE VIOLET/EJ,0.0,0.0,0.0,0.0,0.0,0.0
1216,105600,EX-WT-35-703,0.0,188.72,203.4,22.75,12.58,38.0
1217,105601,RODA WAX 2009/N,0.0,0.0,0.0,0.0,0.0,0.0
1218,105602,1071,0.0,0.0,0.0,0.0,0.0,0.0
1219,105603,NO.29CN,0.0,0.0,0.0,0.0,0.0,0.0
1220,105604,NP-200,0.0,0.0,0.0,0.0,0.0,0.0
1221,105606,UE-311,0.0,0.0,0.0,0.0,0.0,0.0
1222,105610,AQUALEN PASTE VN.A,0.0,0.0,0.0,137.068,0.0,0.0
1223,105611,SHADE YELLOW CO/EJ,0.0,0.0,0.0,0.0,0.0,0.0
1224,105612,SHADE FUXIA/EJ,0.0,0.0,0.0,0.0,0.0,0.0
1225,105613,DOWELSION WHITE H151,0.0,0.0,0.0,920.146,0.0,0.0
1226,105614,PRIMAL LH-100,0.0,0.0,0.0,0.0,0.0,0.0
1227,105615,PRIMAL LH-150,0.0,0.0,0.0,0.0,0.0,0.0
1228,105620,XR 55-250,0.0,0.0,0.0,0.0,0.0,0.0
1229,105621,RODA WAX KCF 604/N,97.928,87.656,365.998,251.65,72.555,46.8
1230,105622,DOWELLEX RC 3316    ,0.0,0.0,0.0,0.0,0.0,0.0
1231,105623,DOWELLER WAX 5053,0.0,0.0,0.0,0.0,0.0,0.0
1232,105624,NNXC R-16L,0.0,0.0,0.0,0.0,0.0,0.0
1233,105625,DOWELLIC RA 1611     ,0.0,0.0,0.0,0.0,0.0,0.0
1234,105626,NNXC R-16L,0.0,0.0,0.0,0.0,0.0,0.0
1235,105628,RA 1216,0.0,0.0,0.0,0.0,0.0,0.0
1236,105636,DOWESION BLACK H950,0.0,0.0,0.0,213.75,0.0,0.0
1237,105638,PEVIT XVS 5491,0.0,0.0,0.0,0.0,0.0,0.0
1238,105652,RODA CAR B98,10.1,0.0,0.0,0.0,0.0,0.0
1239,105653,RODA PENETR 710,0.0,0.0,0.0,0.0,0.0,0.0
1240,105654,RODA PENETR 710,0.0,0.0,0.0,0.0,0.0,0.0
1241,105655,PRIMAL LH 500,261.871,1543.288,1974.214,2421.187,554.594,1506.06
1242,105656,PRIMAL LH 550,147.311,796.549,1514.265,1246.031,366.889,1063.172
1243,105658,AQUABASE UPH,0.0,0.0,0.0,0.0,0.0,0.0
1244,105659,EX-XR-55-250,0.5,0.99,8.193,3.543,0.0,6.169
1245,105662,MICROTEX - UP BLACK,0.0,0.0,0.0,0.0,0.0,0.0
1246,105663,MICROTEX - UP MOGANO,0.0,0.0,0.0,0.0,0.0,0.0
1247,105682,FYL WAX 69,0.0,0.0,0.0,0.0,20.0,22.15
1248,105684,FYL WAX 2500,0.0,0.0,0.0,0.0,2.0,2.23
1249,105685,PRIMEX 2293,0.0,0.0,0.0,0.0,0.948,1.1
1250,105692,EXP SHADE BLACK MD/EJ,0.0,0.0,0.0,0.0,0.0,0.0
1251,105693,DOWELLFEL F8211,0.0,0.0,0.0,218.1,0.0,0.0
1252,105697,SYNTAX 799,0.0,0.0,0.0,0.0,0.0,0.0
1253,105698,MICROTEX - UP,0.0,0.0,0.0,0.0,0.0,0.0
1254,105699,PM 67,0.0,0.0,0.0,0.0,0.0,0.0
1255,105700,AQUADERM ADDITIVE XF EXP 2208,0.0,0.0,0.0,0.0,0.0,0.014
1256,105701,RODA BASE RECO 10,0.0,0.0,0.0,0.0,0.0,0.0
1257,105706,RODA FIX SFD,0.0,0.0,0.0,0.0,0.0,0.0
1258,105707,LC 189/70 PC,0.0,0.0,0.0,0.0,0.0,0.0
1259,105708,LC 393/M,0.0,0.0,0.0,0.0,0.0,0.0
1260,105709,GIALLO EUROLANA SGL LIQ,0.0,0.0,0.0,0.0,0.0,0.0
1261,105710,ARANCIO EUROLANA NR LIQ.,0.0,0.0,0.0,0.0,0.0,0.0
1262,105711,BORDO EUROLANA SB LIQ.,0.0,0.0,0.0,0.0,0.0,0.0
1263,105712,FINISHING KT-468,0.0,0.0,0.0,0.0,0.0,0.0
1264,105713,BRUNO EUROLANA BM LIQ,0.0,0.0,0.0,0.0,0.0,0.0
1265,105715,1920-UR,0.0,0.0,0.0,0.0,0.0,0.0
1266,105716,GIALLO EUROLANA 5RL NEW LIQ.,0.0,0.0,0.0,0.0,0.0,0.0
1267,105717,BLU EUROLANA SB LIQ.,0.0,0.0,0.0,0.0,0.0,0.0
1268,105718,NERO EUROLANA SR LIQ.,0.0,0.0,0.0,0.0,0.0,0.0
1269,105719,MICROTEX-UP GREEN,0.0,0.0,0.0,0.0,0.0,0.0
1270,105720,MICROTEX-UP LIME,0.0,0.0,0.0,0.0,0.0,0.0
1271,105721,MICROTEX-UP MAGENTA,0.0,0.0,0.0,0.0,0.0,0.0
1272,105722,DOWELLISH TOP M7228,0.0,0.0,0.0,0.0,0.0,0.0
1273,105739,MICROTEX-UP MANDARINE,0.0,0.0,0.0,0.0,0.0,0.0
1274,105740,MICROTEX-UP RED,0.0,0.0,0.0,0.0,0.0,0.0
1275,105741,MICROTEX-UP RED VIOLET,0.0,0.0,0.0,0.0,0.0,0.0
1276,105742,MICROTEX-UP RUBY,0.0,0.0,0.0,0.0,0.0,0.0
1277,105743,MICROTEX-UP TURQUOISE,0.0,0.0,0.0,0.0,0.0,0.0
1278,105744,MICROTEX-UP WHITE,0.0,0.0,0.0,0.0,0.0,0.0
1279,105745,MICROTEX-UP YELLOW,0.0,0.0,0.0,0.0,0.0,0.0
1280,105746,PRODUCT WX 5266,0.0,0.0,0.0,0.0,0.0,0.0
