FAMILY_ARTICLES,FAMILY_ARTICLES_FULL,COLOR,ART_TYPE,SF._x,SF._y,AvgOnePO,RATE
AJAX,AJAX,12099,TOP,7475.0,323396.5,7475.0,0.023
AJAX,AJAX TT,7183,TOP,176474.9,323396.5,13736.0,0.546
AJAX,AJAX TT,7187,TOP,2875.0,323396.5,13736.0,0.009
AJAX,AJAX TT,13416,TOP,123921.6,323396.5,13736.0,0.383
AJAX,AJAX TT,17169,TOP,5175.0,323396.5,13736.0,0.016
AJAX,AJAX TT,17170,TOP,7475.0,323396.5,13736.0,0.023
ALBA,ALBA,8663,TOP,3450.0,3450.0,3450.0,1.0
ALINE,ALINE K TT,1220,TOP,18280.0,4665518.35,11634.0,0.004
ALINE,ALINE K TT,1265,TOP,11500.0,4665518.35,11634.0,0.002
ALINE,ALINE K TT,1266,TOP,5750.0,4665518.35,11634.0,0.001
ALINE,ALINE K TT,2331,TOP,344735.0,4665518.35,11634.0,0.074
ALINE,ALINE K TT,2729,TOP,17250.0,4665518.35,11634.0,0.004
ALINE,ALINE K TT,2752,TOP,5750.0,4665518.35,11634.0,0.001
ALINE,ALINE K TT,2793,TOP,107922.0,4665518.35,11634.0,0.023
ALINE,ALINE K TT,3229,TOP,117280.0,4665518.35,11634.0,0.025
ALINE,ALINE K TT,3714,TOP,5750.0,4665518.35,11634.0,0.001
ALINE,ALINE K TT,3780,TOP,69000.0,4665518.35,11634.0,0.015
ALINE,ALINE K TT,3781,TOP,72450.0,4665518.35,11634.0,0.016
ALINE,ALINE K TT,4336,TOP,11500.0,4665518.35,11634.0,0.002
ALINE,ALINE K TT,4390,TOP,18400.0,4665518.35,11634.0,0.004
ALINE,ALINE K TT,4793,TOP,21735.0,4665518.35,11634.0,0.005
ALINE,ALINE K TT,5728,TOP,357040.0,4665518.35,11634.0,0.077
ALINE,ALINE K TT,6812,TOP,3450.0,4665518.35,11634.0,0.001
ALINE,ALINE K TT,6829,TOP,40332.8,4665518.35,11634.0,0.009
ALINE,ALINE K TT,7158,SPLIT,3450.0,4665518.35,11634.0,0.001
ALINE,ALINE K TT,7844,SPLIT,2300.0,4665518.35,11634.0,0.0
ALINE,ALINE K TT,7844,TOP,9900.0,4665518.35,11634.0,0.002
ALINE,ALINE K TT,7853,TOP,3450.0,4665518.35,11634.0,0.001
ALINE,ALINE K TT,7854,TOP,17250.0,4665518.35,11634.0,0.004
ALINE,ALINE K TT,7890,TOP,14720.0,4665518.35,11634.0,0.003
ALINE,ALINE K TT,8528,TOP,2300.0,4665518.35,11634.0,0.0
ALINE,ALINE K TT,8669,TOP,5750.0,4665518.35,11634.0,0.001
ALINE,ALINE K TT,9303,TOP,17250.0,4665518.35,11634.0,0.004
ALINE,ALINE K TT,9313,TOP,8050.0,4665518.35,11634.0,0.002
ALINE,ALINE K TT,12040,TOP,49450.0,4665518.35,11634.0,0.011
ALINE,ALINE K TT,13035,TOP,5750.0,4665518.35,11634.0,0.001
ALINE,ALINE K TT,13036,TOP,5750.0,4665518.35,11634.0,0.001
ALINE,ALINE K TT,13038,TOP,11500.0,4665518.35,11634.0,0.002
ALINE,ALINE K TT,13230,TOP,24150.0,4665518.35,11634.0,0.005
ALINE,ALINE K TT,13231,TOP,28750.0,4665518.35,11634.0,0.006
ALINE,ALINE K TT,13241,SPLIT,5750.0,4665518.35,11634.0,0.001
ALINE,ALINE K TT,13241,TOP,89792.0,4665518.35,11634.0,0.019
ALINE,ALINE K TT,13266,TOP,46345.0,4665518.35,11634.0,0.01
ALINE,ALINE K TT,13267,TOP,40020.0,4665518.35,11634.0,0.009
ALINE,ALINE K TT,13296,TOP,23000.0,4665518.35,11634.0,0.005
ALINE,ALINE K TT,13305,TOP,254334.0,4665518.35,11634.0,0.055
ALINE,ALINE K TT,13306,TOP,1655298.5,4665518.35,11634.0,0.355
ALINE,ALINE K TT,13321,TOP,5750.0,4665518.35,11634.0,0.001
ALINE,ALINE K TT,13322,TOP,5750.0,4665518.35,11634.0,0.001
ALINE,ALINE K TT,13381,TOP,35650.0,4665518.35,11634.0,0.008
ALINE,ALINE K TT,13421,TOP,4064.1000000000004,4665518.35,11634.0,0.001
ALINE,ALINE K TT,13432,TOP,3450.0,4665518.35,11634.0,0.001
ALINE,ALINE K TT,13533,TOP,6900.0,4665518.35,11634.0,0.001
ALINE,ALINE K TT,13537,TOP,5290.0,4665518.35,11634.0,0.001
ALINE,ALINE K TT,13557,TOP,4025.0,4665518.35,11634.0,0.001
ALINE,ALINE K TT,13568,TOP,4025.0,4665518.35,11634.0,0.001
ALINE,ALINE K TT,13603,TOP,4600.0,4665518.35,11634.0,0.001
ALINE,ALINE K TT,17036,TOP,23575.0,4665518.35,11634.0,0.005
ALINE,ALINE K TT,17039,SPLIT,17940.0,4665518.35,11634.0,0.004
ALINE,ALINE K TT,17039,TOP,52440.0,4665518.35,11634.0,0.011
ALINE,ALINE K TT,17051,TOP,107870.0,4665518.35,11634.0,0.023
ALINE,ALINE K TT,17066,TOP,107985.0,4665518.35,11634.0,0.023
ALINE,ALINE K TT,17075,TOP,23000.0,4665518.35,11634.0,0.005
ALINE,ALINE K TT,17077,TOP,40825.0,4665518.35,11634.0,0.009
ALINE,ALINE K TT,17085,TOP,6451.5,4665518.35,11634.0,0.001
ALINE,ALINE K TT,17097,TOP,5750.0,4665518.35,11634.0,0.001
ALINE,ALINE K TT,17099,TOP,8050.0,4665518.35,11634.0,0.002
ALINE,ALINE K TT,17100,TOP,5750.0,4665518.35,11634.0,0.001
ALINE,ALINE K TT,17184,TOP,3450.0,4665518.35,11634.0,0.001
ALINE,ALINE K TT,17185,TOP,3450.0,4665518.35,11634.0,0.001
ALINE,ALINE K TT,17202,SPLIT,14950.0,4665518.35,11634.0,0.003
ALINE,ALINE K TT,17202,TOP,23000.0,4665518.35,11634.0,0.005
ALINE,ALINE K TT,17204,TOP,69000.0,4665518.35,11634.0,0.015
ALINE,ALINE K TT,17209,TOP,6900.0,4665518.35,11634.0,0.001
ALINE,ALINE K TT,17251,TOP,3450.0,4665518.35,11634.0,0.001
ALINE,ALINE K TT,17267,TOP,9200.0,4665518.35,11634.0,0.002
ALINE,ALINE K TT HP,13338,TOP,2300.0,4665518.35,2300.0,0.0
ALINE,ALINE K TT TS,13241,SPLIT,28750.0,4665518.35,7746.0,0.006
ALINE,ALINE K TT TS,13305,SPLIT,98900.0,4665518.35,7746.0,0.021
ALINE,ALINE K TT TS,13306,SPLIT,89240.0,4665518.35,7746.0,0.019
ALINE,ALINE K TT TSF,7158,SPLIT,10050.0,4665518.35,3338.0,0.002
ALINE,ALINE K TT TSF,7844,SPLIT,3300.0,4665518.35,3338.0,0.001
ALINE,ALINE US K TT,7158,TOP,23400.0,4665518.35,9572.0,0.005
ALINE,ALINE US K TT,7159,TOP,11500.0,4665518.35,9572.0,0.002
ALINE,ALINE US K TT,8175,TOP,2993.4500000000003,4665518.35,9572.0,0.001
ALINE,ALINE US K TT,9178,TOP,230110.0,4665518.35,9572.0,0.049
ALPINE,ALPINE,2290,TOP,49450.0,1556745.0,12750.0,0.032
ALPINE,ALPINE,4244,TOP,226990.0,1556745.0,12750.0,0.146
ALPINE,ALPINE,5009,TOP,23000.0,1556745.0,12750.0,0.015
ALPINE,ALPINE,13487,TOP,6555.0,1556745.0,12750.0,0.004
ALPINE,ALPINE K TT,1252,TOP,11845.0,1556745.0,15891.0,0.008
ALPINE,ALPINE K TT,2278,TOP,46000.0,1556745.0,15891.0,0.03
ALPINE,ALPINE K TT,2328,TOP,57500.0,1556745.0,15891.0,0.037
ALPINE,ALPINE K TT,3707,TOP,34500.0,1556745.0,15891.0,0.022
ALPINE,ALPINE K TT,5010,TOP,3565.0,1556745.0,15891.0,0.002
ALPINE,ALPINE K TT,5061,TOP,55200.0,1556745.0,15891.0,0.035
ALPINE,ALPINE K TT,5787,TOP,333040.0,1556745.0,15891.0,0.214
ALPINE,ALPINE K TT,6371,TOP,436080.0,1556745.0,15891.0,0.28
ALPINE,ALPINE K TT,8335,TOP,85800.0,1556745.0,15891.0,0.055
ALPINE,ALPINE K TT,8870,TOP,30475.0,1556745.0,15891.0,0.02
ALPINE,ALPINE K TT,13235,TOP,5750.0,1556745.0,15891.0,0.004
ALPINE,ALPINE K TT,13619,TOP,85905.0,1556745.0,15891.0,0.055
ALPINE,ALPINE K TT,17217,TOP,37950.0,1556745.0,15891.0,0.024
ALPINE,ALPINE TT,2787,TOP,9142.5,1556745.0,4523.0,0.006
ALPINE,ALPINE TT,13078,TOP,17997.5,1556745.0,4523.0,0.012
ANGKOR,ANGKOR,3761,TOP,91000.0,136000.0,15111.0,0.669
ANGKOR,ANGKOR,7141,TOP,45000.0,136000.0,15111.0,0.331
ANKUR,ANKUR K TT,17136,TOP,5750.0,5750.0,5750.0,1.0
ARIDA,ARIDA K TT,12104,TOP,10350.0,10350.0,3450.0,1.0
ARTIC,ARTIC,2267,TOP,11500.0,127650.0,6079.0,0.09
ARTIC,ARTIC,4211,TOP,9200.0,127650.0,6079.0,0.072
ARTIC,ARTIC,4213,TOP,5750.0,127650.0,6079.0,0.045
ARTIC,ARTIC,5718,TOP,3450.0,127650.0,6079.0,0.027
ARTIC,ARTIC,7095,TOP,5750.0,127650.0,6079.0,0.045
ARTIC,ARTIC,8109,TOP,5750.0,127650.0,6079.0,0.045
ARTIC,ARTIC,9427,TOP,17250.0,127650.0,6079.0,0.135
ARTIC,ARTIC,9744,TOP,17250.0,127650.0,6079.0,0.135
ARTIC,ARTIC,12204,TOP,11500.0,127650.0,6079.0,0.09
ARTIC,ARTIC,13181,TOP,17250.0,127650.0,6079.0,0.135
ARTIC,ARTIC,14001,TOP,11500.0,127650.0,6079.0,0.09
ARTIC,ARTIC,17256,TOP,11500.0,127650.0,6079.0,0.09
AVARIS,AVARIS K TT,13549,TOP,5750.0,5750.0,5750.0,1.0
AZORES,AZORES TT,13177,TOP,11500.0,11500.0,11500.0,1.0
BALI,BALI,1343,TOP,11500.0,752905.0,7999.0,0.015
BALI,BALI,1371,TOP,17250.0,752905.0,7999.0,0.023
BALI,BALI,1372,TOP,19550.0,752905.0,7999.0,0.026
BALI,BALI,3794,TOP,133400.0,752905.0,7999.0,0.177
BALI,BALI,4766,TOP,11500.0,752905.0,7999.0,0.015
BALI,BALI,5057,TOP,4485.0,752905.0,7999.0,0.006
BALI,BALI,6291,TOP,2300.0,752905.0,7999.0,0.003
BALI,BALI,7194,TOP,43125.0,752905.0,7999.0,0.057
BALI,BALI,9310,TOP,11500.0,752905.0,7999.0,0.015
BALI,BALI,9360,TOP,5750.0,752905.0,7999.0,0.008
BALI,BALI,12205,TOP,11500.0,752905.0,7999.0,0.015
BALI,BALI,13333,TOP,6900.0,752905.0,7999.0,0.009
BALI,BALI,13602,TOP,5750.0,752905.0,7999.0,0.008
BALI,BALI,17087,TOP,3450.0,752905.0,7999.0,0.005
BALI,BALI (PC),1343,TOP,11500.0,752905.0,7619.0,0.015
BALI,BALI (PC),2317,TOP,9200.0,752905.0,7619.0,0.012
BALI,BALI (PC),5260,TOP,5750.0,752905.0,7619.0,0.008
BALI,BALI (PC),7004,TOP,23000.0,752905.0,7619.0,0.031
BALI,BALI (PC),8505,TOP,11500.0,752905.0,7619.0,0.015
BALI,BALI TS,13147,SPLIT,3450.0,752905.0,2645.0,0.005
BALI,BALI TS,17087,SPLIT,23000.0,752905.0,2645.0,0.031
BALI,BALI WHITE,7150,TOP,11500.0,752905.0,11500.0,0.015
BALI,BALI [PC],1256,TOP,5750.0,752905.0,5546.0,0.008
BALI,BALI [PC],1262,TOP,11500.0,752905.0,5546.0,0.015
BALI,BALI [PC],1267,TOP,5750.0,752905.0,5546.0,0.008
BALI,BALI [PC],1343,TOP,39100.0,752905.0,5546.0,0.052
BALI,BALI [PC],2317,TOP,4600.0,752905.0,5546.0,0.006
BALI,BALI [PC],2764,TOP,20240.0,752905.0,5546.0,0.027
BALI,BALI [PC],3794,TOP,5750.0,752905.0,5546.0,0.008
BALI,BALI [PC],4226,TOP,11500.0,752905.0,5546.0,0.015
BALI,BALI [PC],5260,TOP,5750.0,752905.0,5546.0,0.008
BALI,BALI [PC],6036,TOP,11500.0,752905.0,5546.0,0.015
BALI,BALI [PC],6291,TOP,14950.0,752905.0,5546.0,0.02
BALI,BALI [PC],7827,TOP,17250.0,752905.0,5546.0,0.023
BALI,BALI [PC],8504,TOP,5750.0,752905.0,5546.0,0.008
BALI,BALI [PC],8505,TOP,28750.0,752905.0,5546.0,0.038
BALI,BALI [PC],9360,TOP,11500.0,752905.0,5546.0,0.015
BALI,BALI [PC],12017,TOP,5750.0,752905.0,5546.0,0.008
BALI,BALI [PC],12034,TOP,6900.0,752905.0,5546.0,0.009
BALI,BALI [PC],12041,TOP,5520.0,752905.0,5546.0,0.007
BALI,BALI [PC],13034,TOP,23000.0,752905.0,5546.0,0.031
BALI,BALI [PC],13037,TOP,17250.0,752905.0,5546.0,0.023
BALI,BALI [PC],13147,TOP,11500.0,752905.0,5546.0,0.015
BALI,BALI [PC],13332,TOP,6900.0,752905.0,5546.0,0.009
BALI,BALI [PC],13364,TOP,2300.0,752905.0,5546.0,0.003
BALI,BALI [PC],17087,TOP,66585.0,752905.0,5546.0,0.088
BALI,BALI [PC],17220,TOP,20700.0,752905.0,5546.0,0.027
BAVARIA,BAVARIA,12221,TOP,11500.0,281750.0,5750.0,0.041
BAVARIA,BAVARIA K TT,8406,TOP,126500.0,281750.0,15014.0,0.449
BAVARIA,BAVARIA K TT,12048,TOP,17250.0,281750.0,15014.0,0.061
BAVARIA,BAVARIA K TT,17078,TOP,126500.0,281750.0,15014.0,0.449
BENFICA,BENFICA,2706,TOP,3450.0,124200.0,3738.0,0.028
BENFICA,BENFICA,7186,TOP,2300.0,124200.0,3738.0,0.019
BENFICA,BENFICA,12092,TOP,4600.0,124200.0,3738.0,0.037
BENFICA,BENFICA,13443,TOP,4600.0,124200.0,3738.0,0.037
BENFICA,BENFICA K TT,7830,TOP,6900.0,124200.0,18208.0,0.056
BENFICA,BENFICA K TT,12102,TOP,86250.0,124200.0,18208.0,0.694
BENFICA,BENFICA K TT,13004,TOP,16100.0,124200.0,18208.0,0.13
BOWIE,BOWIE,7053,TOP,140185.0,407905.0,7506.0,0.344
BOWIE,BOWIE,7143,TOP,158355.0,407905.0,7506.0,0.388
BOWIE,BOWIE,8173,TOP,9200.0,407905.0,7506.0,0.023
BOWIE,BOWIE K TT,2786,TOP,6670.0,407905.0,4239.0,0.016
BOWIE,BOWIE K TT,8873,TOP,23000.0,407905.0,4239.0,0.056
BOWIE,BOWIE TT,4738,TOP,31050.0,407905.0,6409.0,0.076
BOWIE,BOWIE TT,12100,TOP,20125.0,407905.0,6409.0,0.049
BOWIE,BOWIE TT,17166,TOP,19320.0,407905.0,6409.0,0.047
BRANSON,BRANSON K TT,13456,TOP,11500.0,11500.0,5750.0,1.0
BRISBANE,BRISBANE K TT,13471,TOP,427725.0,427725.0,26733.0,1.0
BUENA,BUENA,13553,TOP,49399.4,68972.4,6897.0,0.716
BUENA,BUENA,13561,TOP,7360.0,68972.4,6897.0,0.107
BUENA,BUENA,13569,TOP,6900.0,68972.4,6897.0,0.1
BUENA,BUENA,13582,TOP,5313.0,68972.4,6897.0,0.077
BUENOS,BUENOS AIRES,13251,TOP,103500.0,103500.0,17250.0,1.0
CAIRO,CAIRO TT TSF,8316,SPLIT,8050.0,8050.0,4025.0,1.0
CALIFORNIA,CALIFORNIA,12077,TOP,3450.0,10350.0,3450.0,0.333
CALIFORNIA,CALIFORNIA K TT,13403,TOP,6900.0,10350.0,3450.0,0.667
CANOVA,CANOVA K TT,13543,TOP,5750.0,5750.0,5750.0,1.0
CAPE-TOWN,CAPE-TOWN,9796,TOP,5750.0,5750.0,5750.0,1.0
CAPITAL,CAPITAL,5036,TOP,144210.0,1725460.0,37510.0,0.084
CAPITAL,CAPITAL,6042,TOP,44275.0,1725460.0,37510.0,0.026
CAPITAL,CAPITAL,6392,TOP,115000.0,1725460.0,37510.0,0.067
CAPITAL,CAPITAL,7672,TOP,115000.0,1725460.0,37510.0,0.067
CAPITAL,CAPITAL,8092,TOP,1299500.0,1725460.0,37510.0,0.753
CAPITAL,CAPITAL,13494,TOP,7475.0,1725460.0,37510.0,0.004
CAPRI,CAPRI,1201,TOP,3507.5,61007.5,5546.0,0.057
CAPRI,CAPRI,5040,TOP,5750.0,61007.5,5546.0,0.094
CAPRI,CAPRI,8419,TOP,5750.0,61007.5,5546.0,0.094
CAPRI,CAPRI,12032,TOP,5750.0,61007.5,5546.0,0.094
CAPRI,CAPRI,12033,TOP,5750.0,61007.5,5546.0,0.094
CAPRI,CAPRI,12039,TOP,5750.0,61007.5,5546.0,0.094
CAPRI,CAPRI,12045,TOP,5750.0,61007.5,5546.0,0.094
CAPRI,CAPRI,12069,TOP,5750.0,61007.5,5546.0,0.094
CAPRI,CAPRI,12089,TOP,5750.0,61007.5,5546.0,0.094
CAPRI,CAPRI,13329,TOP,5750.0,61007.5,5546.0,0.094
CAPRI,CAPRI,17088,TOP,5750.0,61007.5,5546.0,0.094
CARUSO,CARUSO K TT,6007,TOP,3634.0,3634.0,3634.0,1.0
CASCAIS,CASCAIS TIP,7883,TOP,51750.0,74750.0,24917.0,0.692
CASCAIS,CASCAIS TIP,17010,TOP,23000.0,74750.0,24917.0,0.308
CLASSIC,CLASSIC,5207,TOP,15525.0,25875.0,5175.0,0.6
CLASSIC,CLASSIC TT,9037,TOP,10350.0,25875.0,5175.0,0.4
COOPER,COOPER K TT,17065,TOP,129375.0,129375.0,32344.0,1.0
DAKOTA,DAKOTA TIP,9488,TOP,11500.0,11500.0,5750.0,1.0
DATANLA,DATANLA K TT,2326,TOP,28750.0,75900.0,6736.0,0.379
DATANLA,DATANLA K TT,7347,TOP,18400.0,75900.0,6736.0,0.242
DATANLA,DATANLA K TT TS,7347,SPLIT,11500.0,75900.0,5750.0,0.152
DATANLA,DATANLA K TT TSF,2326,SPLIT,5750.0,75900.0,2875.0,0.076
DATANLA,DATANLA TT,7347,TOP,11500.0,75900.0,5750.0,0.152
DECO,DECO,1339,TOP,5750.0,120750.0,6571.0,0.048
DECO,DECO,4381,TOP,23000.0,120750.0,6571.0,0.19
DECO,DECO,5750,TOP,5750.0,120750.0,6571.0,0.048
DECO,DECO,7380,TOP,46000.0,120750.0,6571.0,0.381
DECO,DECO,7381,TOP,5750.0,120750.0,6571.0,0.048
DECO,DECO,9340,TOP,2300.0,120750.0,6571.0,0.019
DECO,DECO,17135,TOP,3450.0,120750.0,6571.0,0.029
DECO,DECO K TT,9321,TOP,11500.0,120750.0,5750.0,0.095
DECO,DECO K TT,9348,TOP,17250.0,120750.0,5750.0,0.143
DESTIN,DESTIN K TT TIP,2789,TOP,11500.0,11500.0,11500.0,1.0
DISTRESS,DISTRESS,7889,TOP,3450.0,3450.0,3450.0,1.0
ELLINGTON,ELLINGTON K TT LUX,1263,TOP,456525.0,1219843.05,17205.0,0.374
ELLINGTON,ELLINGTON K TT LUX,2274,TOP,46000.0,1219843.05,17205.0,0.038
ELLINGTON,ELLINGTON K TT LUX,2374,TOP,479650.0,1219843.05,17205.0,0.393
ELLINGTON,ELLINGTON K TT LUX,2705,TOP,48300.0,1219843.05,17205.0,0.04
ELLINGTON,ELLINGTON K TT LUX,13436,TOP,2300.0,1219843.05,17205.0,0.002
ELLINGTON,ELLINGTON K TT LUX,13631,TOP,5750.0,1219843.05,17205.0,0.005
ELLINGTON,ELLINGTON K TT LUX,17208,TOP,114178.05,1219843.05,17205.0,0.094
ELLINGTON,ELLINGTON LUX,6839,TOP,21140.0,1219843.05,9591.0,0.017
ELLINGTON,ELLINGTON LUX,8863,TOP,46000.0,1219843.05,9591.0,0.038
EXPRESS,EXPRESS K TT,1313,TOP,130705.0,189665.0,6540.0,0.689
EXPRESS,EXPRESS K TT,1748,TOP,58960.0,189665.0,6540.0,0.311
EXPRESSE,EXPRESSE K TT,1313,TOP,53460.0,80300.0,10038.0,0.666
EXPRESSE,EXPRESSE K TT,1748,TOP,26840.0,80300.0,10038.0,0.334
FARO,FARO K TT,3768,TOP,262475.0,941875.0,26911.0,0.279
FARO,FARO K TT,7349,TOP,679400.0,941875.0,26911.0,0.721
FLORIDA,FLORIDA,4328,TOP,9448.4,9448.4,9448.0,1.0
GOBIEW,GOBIEW,9170,TOP,103994.5,103994.5,12999.0,1.0
GRADA,GRADA K TT,17175,TOP,4600.0,27600.0,4600.0,0.167
GRADA,GRADA K TT TSF,17175,SPLIT,23000.0,27600.0,11500.0,0.833
HAWAII,HAWAII K TT TIP,7320,TOP,34500.0,475525.0,17250.0,0.073
HAWAII,HAWAII TIP,1716,TOP,10350.0,475525.0,6804.0,0.022
HAWAII,HAWAII TIP,3261,TOP,2875.0,475525.0,6804.0,0.006
HAWAII,HAWAII TIP,5231,TOP,34500.0,475525.0,6804.0,0.073
HAWAII,HAWAII TIP,7395,TOP,21850.0,475525.0,6804.0,0.046
HAWAII,HAWAII TIP,8286,TOP,5750.0,475525.0,6804.0,0.012
HAWAII,HAWAII TIP,9071,TOP,87400.0,475525.0,6804.0,0.184
HAWAII,HAWAII TIP,9162,TOP,10350.0,475525.0,6804.0,0.022
HAWAII,HAWAII TIP,9461,TOP,6900.0,475525.0,6804.0,0.015
HAWAII,HAWAII TIP,9514,TOP,63250.0,475525.0,6804.0,0.133
HAWAII,HAWAII TIP,9526,TOP,24150.0,475525.0,6804.0,0.051
HAWAII,HAWAII TIP,9651,TOP,18400.0,475525.0,6804.0,0.039
HAWAII,HAWAII TS,5231,SPLIT,4600.0,475525.0,4077.0,0.01
HAWAII,HAWAII TS,7395,SPLIT,10350.0,475525.0,4077.0,0.022
HAWAII,HAWAII TS,9071,SPLIT,16100.0,475525.0,4077.0,0.034
HAWAII,HAWAII TS,9526,SPLIT,6900.0,475525.0,4077.0,0.015
HAWAII,HAWAII TS,9651,SPLIT,6900.0,475525.0,4077.0,0.015
HAWAII,HAWAII TSF,1716,SPLIT,3450.0,475525.0,5811.0,0.007
HAWAII,HAWAII TSF,5231,SPLIT,11500.0,475525.0,5811.0,0.024
HAWAII,HAWAII TSF,7395,SPLIT,12650.0,475525.0,5811.0,0.027
HAWAII,HAWAII TSF,9071,SPLIT,36800.0,475525.0,5811.0,0.077
HAWAII,HAWAII TSF,9461,SPLIT,3450.0,475525.0,5811.0,0.007
HAWAII,HAWAII TSF,9514,SPLIT,25300.0,475525.0,5811.0,0.053
HAWAII,HAWAII TSF,9526,SPLIT,9200.0,475525.0,5811.0,0.019
HAWAII,HAWAII TSF,9651,SPLIT,8050.0,475525.0,5811.0,0.017
HERCULES,HERCULES,12026,TOP,18400.0,123395.0,6133.0,0.149
HERCULES,HERCULES TT,1258,TOP,11500.0,123395.0,8077.0,0.093
HERCULES,HERCULES TT,4340,TOP,11500.0,123395.0,8077.0,0.093
HERCULES,HERCULES TT,4706,TOP,20125.0,123395.0,8077.0,0.163
HERCULES,HERCULES TT,5745,TOP,28750.0,123395.0,8077.0,0.233
HERCULES,HERCULES TT,8119,TOP,33120.0,123395.0,8077.0,0.268
HILLIARD,HILLIARD TT,17044,TOP,37950.0,37950.0,37950.0,1.0
ITU,ITU TT,13074,TOP,5750.0,5750.0,5750.0,1.0
JAVILLE,JAVILLE TT,13069,TOP,23000.0,23000.0,23000.0,1.0
JVILLE,JVILLE K TT,13070,TOP,5750.0,5750.0,5750.0,1.0
KAHUNA,KAHUNA K TT TIP,1275,TOP,5750.0,5750.0,5750.0,1.0
KARAT,KARAT K TT,6828,TOP,2875.0,10120.0,5060.0,0.284
KARAT,KARAT K TT,13411,TOP,7245.0,10120.0,5060.0,0.716
KOTA,KOTA,13558,TOP,5750.0,5750.0,5750.0,1.0
LAOCAI,LAOCAI K TT,17163,TOP,86723.79999999999,86723.79999999999,21681.0,1.0
LAUCA,LAUCA,8104,TOP,6325.0,17825.0,8912.0,0.355
LAUCA,LAUCA,17038,TOP,11500.0,17825.0,8912.0,0.645
LINEA,Can Not Match The Name,3343,TOP,3456.0,3456.0,4012.0,1.0
MADERA,MADERA,8422,TOP,11500.0,63250.0,5750.0,0.182
MADERA,MADERA,12204,TOP,5750.0,63250.0,5750.0,0.091
MADERA,MADERA,13608,TOP,5750.0,63250.0,5750.0,0.091
MADERA,MADERA,13609,TOP,5750.0,63250.0,5750.0,0.091
MADERA,MADERA,14001,TOP,5750.0,63250.0,5750.0,0.091
MADERA,MADERA,17211,TOP,11500.0,63250.0,5750.0,0.182
MADERA,MADERA,17212,TOP,11500.0,63250.0,5750.0,0.182
MADERA,MADERA,17256,TOP,5750.0,63250.0,5750.0,0.091
MADRAS,MADRAS,13635,TOP,5750.0,730250.0,9008.0,0.008
MADRAS,MADRAS,13636,TOP,42550.0,730250.0,9008.0,0.058
MADRAS,MADRAS,18008,TOP,5750.0,730250.0,9008.0,0.008
MADRAS,MADRAS K TT,18007,TOP,11500.0,730250.0,5750.0,0.016
MADRAS,MADRAS SOFT,5054,TOP,9200.0,730250.0,7690.0,0.013
MADRAS,MADRAS SOFT,8046,TOP,126500.0,730250.0,7690.0,0.173
MADRAS,MADRAS SOFT,11004,TOP,11500.0,730250.0,7690.0,0.016
MADRAS,MADRAS SOFT,11005,TOP,11500.0,730250.0,7690.0,0.016
MADRAS,MADRAS SOFT,12003,TOP,13800.0,730250.0,7690.0,0.019
MADRAS,MADRAS SOFT,12067,TOP,59800.0,730250.0,7690.0,0.082
MADRAS,MADRAS SOFT,12068,TOP,57500.0,730250.0,7690.0,0.079
MADRAS,MADRAS SOFT,12219,TOP,11500.0,730250.0,7690.0,0.016
MADRAS,MADRAS SOFT,12220,TOP,11500.0,730250.0,7690.0,0.016
MADRAS,MADRAS SOFT,13490,TOP,39100.0,730250.0,7690.0,0.054
MADRAS,MADRAS SOFT,13504,TOP,5750.0,730250.0,7690.0,0.008
MADRAS,MADRAS SOFT,13650,TOP,11500.0,730250.0,7690.0,0.016
MADRAS,MADRAS SOFT,13651,TOP,11500.0,730250.0,7690.0,0.016
MADRAS,MADRAS SOFT,13652,TOP,11500.0,730250.0,7690.0,0.016
MADRAS,MADRAS SOFT,13653,TOP,11500.0,730250.0,7690.0,0.016
MADRAS,MADRAS SOFT,13654,TOP,11500.0,730250.0,7690.0,0.016
MADRAS,MADRAS SOFT,13655,TOP,11500.0,730250.0,7690.0,0.016
MADRAS,MADRAS SOFT,15004,TOP,11500.0,730250.0,7690.0,0.016
MADRAS,MADRAS SOFT,16003,TOP,11500.0,730250.0,7690.0,0.016
MADRAS,MADRAS SOFT,16004,TOP,11500.0,730250.0,7690.0,0.016
MADRAS,MADRAS SOFT,17046,TOP,8050.0,730250.0,7690.0,0.011
MADRAS,MADRAS SOFT,17274,TOP,11500.0,730250.0,7690.0,0.016
MADRAS,MADRAS SOFT,17275,TOP,11500.0,730250.0,7690.0,0.016
MADRAS,MADRAS SOFT,18013,TOP,11500.0,730250.0,7690.0,0.016
MADRAS,MADRAS SOFT,20013,TOP,11500.0,730250.0,7690.0,0.016
MADRAS,MADRAS SOFT TS,8046,SPLIT,36800.0,730250.0,6476.0,0.05
MADRAS,MADRAS SOFT TS,12067,SPLIT,21850.0,730250.0,6476.0,0.03
MADRAS,MADRAS SOFT TS,12068,SPLIT,42550.0,730250.0,6476.0,0.058
MADRAS,MADRAS SOFT TS,13490,SPLIT,21850.0,730250.0,6476.0,0.03
MADRAS,MADRAS SOFT TSF,13490,SPLIT,3450.0,730250.0,3450.0,0.005
MADRAS,MADRAS TSF,8046,SPLIT,23000.0,730250.0,11500.0,0.031
MAGASUS,MAGASUS K TT,13242,TOP,27945.0,27945.0,6986.0,1.0
MALDO,MALDO,13562,TOP,5750.0,5750.0,5750.0,1.0
MALDONADO,MALDONADO,2791,TOP,5750.0,1005564.6,6252.0,0.006
MALDONADO,MALDONADO,3218,TOP,3450.0,1005564.6,6252.0,0.003
MALDONADO,MALDONADO,3219,TOP,5750.0,1005564.6,6252.0,0.006
MALDONADO,MALDONADO,3315,TOP,3450.0,1005564.6,6252.0,0.003
MALDONADO,MALDONADO,4000,TOP,12650.0,1005564.6,6252.0,0.013
MALDONADO,MALDONADO,5080,TOP,5750.0,1005564.6,6252.0,0.006
MALDONADO,MALDONADO,5084,TOP,11500.0,1005564.6,6252.0,0.011
MALDONADO,MALDONADO,6110,TOP,63250.0,1005564.6,6252.0,0.063
MALDONADO,MALDONADO,6642,TOP,11500.0,1005564.6,6252.0,0.011
MALDONADO,MALDONADO,6718,TOP,2300.0,1005564.6,6252.0,0.002
MALDONADO,MALDONADO,6719,TOP,3450.0,1005564.6,6252.0,0.003
MALDONADO,MALDONADO,6792,TOP,3450.0,1005564.6,6252.0,0.003
MALDONADO,MALDONADO,6841,TOP,11500.0,1005564.6,6252.0,0.011
MALDONADO,MALDONADO,6844,TOP,5750.0,1005564.6,6252.0,0.006
MALDONADO,MALDONADO,7173,TOP,29900.0,1005564.6,6252.0,0.03
MALDONADO,MALDONADO,7379,TOP,11500.0,1005564.6,6252.0,0.011
MALDONADO,MALDONADO,7612,TOP,5750.0,1005564.6,6252.0,0.006
MALDONADO,MALDONADO,8115,TOP,5750.0,1005564.6,6252.0,0.006
MALDONADO,MALDONADO,8239,TOP,11500.0,1005564.6,6252.0,0.011
MALDONADO,MALDONADO,9036,TOP,3450.0,1005564.6,6252.0,0.003
MALDONADO,MALDONADO,11001,TOP,2875.0,1005564.6,6252.0,0.003
MALDONADO,MALDONADO,12020,TOP,43700.0,1005564.6,6252.0,0.043
MALDONADO,MALDONADO,12088,TOP,11500.0,1005564.6,6252.0,0.011
MALDONADO,MALDONADO,12101,TOP,27600.0,1005564.6,6252.0,0.027
MALDONADO,MALDONADO,12202,TOP,2875.0,1005564.6,6252.0,0.003
MALDONADO,MALDONADO,13200,TOP,17250.0,1005564.6,6252.0,0.017
MALDONADO,MALDONADO,13222,TOP,5750.0,1005564.6,6252.0,0.006
MALDONADO,MALDONADO,13388,TOP,8050.0,1005564.6,6252.0,0.008
MALDONADO,MALDONADO,13442,TOP,11500.0,1005564.6,6252.0,0.011
MALDONADO,MALDONADO,13535,TOP,5750.0,1005564.6,6252.0,0.006
MALDONADO,MALDONADO,17140,TOP,8050.0,1005564.6,6252.0,0.008
MALDONADO,MALDONADO,17154,TOP,11500.0,1005564.6,6252.0,0.011
MALDONADO,MALDONADO,17210,TOP,5750.0,1005564.6,6252.0,0.006
MALDONADO,MALDONADO,17221,TOP,5750.0,1005564.6,6252.0,0.006
MALDONADO,MALDONADO,17222,TOP,5750.0,1005564.6,6252.0,0.006
MALDONADO,MALDONADO,20001,TOP,2875.0,1005564.6,6252.0,0.003
MALDONADO,MALDONADO SOFT,1223,TOP,11500.0,1005564.6,7149.0,0.011
MALDONADO,MALDONADO SOFT,1224,TOP,5750.0,1005564.6,7149.0,0.006
MALDONADO,MALDONADO SOFT,1227,TOP,11500.0,1005564.6,7149.0,0.011
MALDONADO,MALDONADO SOFT,1232,TOP,5750.0,1005564.6,7149.0,0.006
MALDONADO,MALDONADO SOFT,1254,TOP,10350.0,1005564.6,7149.0,0.01
MALDONADO,MALDONADO SOFT,1337,TOP,23000.0,1005564.6,7149.0,0.023
MALDONADO,MALDONADO SOFT,3329,TOP,11500.0,1005564.6,7149.0,0.011
MALDONADO,MALDONADO SOFT,4787,TOP,5750.0,1005564.6,7149.0,0.006
MALDONADO,MALDONADO SOFT,5028,TOP,35999.6,1005564.6,7149.0,0.036
MALDONADO,MALDONADO SOFT,5204,TOP,57500.0,1005564.6,7149.0,0.057
MALDONADO,MALDONADO SOFT,5241,TOP,6325.0,1005564.6,7149.0,0.006
MALDONADO,MALDONADO SOFT,5243,TOP,11500.0,1005564.6,7149.0,0.011
MALDONADO,MALDONADO SOFT,6041,TOP,23000.0,1005564.6,7149.0,0.023
MALDONADO,MALDONADO SOFT,6243,TOP,46000.0,1005564.6,7149.0,0.046
MALDONADO,MALDONADO SOFT,6756,TOP,5750.0,1005564.6,7149.0,0.006
MALDONADO,MALDONADO SOFT,7030,TOP,51750.0,1005564.6,7149.0,0.051
MALDONADO,MALDONADO SOFT,7035,TOP,16215.0,1005564.6,7149.0,0.016
MALDONADO,MALDONADO SOFT,7267,TOP,87400.0,1005564.6,7149.0,0.087
MALDONADO,MALDONADO SOFT,8898,TOP,11500.0,1005564.6,7149.0,0.011
MALDONADO,MALDONADO SOFT,9247,TOP,11500.0,1005564.6,7149.0,0.011
MALDONADO,MALDONADO SOFT,9317,TOP,17250.0,1005564.6,7149.0,0.017
MALDONADO,MALDONADO SOFT,9827,TOP,11500.0,1005564.6,7149.0,0.011
MALDONADO,MALDONADO SOFT,12063,TOP,5750.0,1005564.6,7149.0,0.006
MALDONADO,MALDONADO SOFT,12108,TOP,2300.0,1005564.6,7149.0,0.002
MALDONADO,MALDONADO SOFT,12124,TOP,11500.0,1005564.6,7149.0,0.011
MALDONADO,MALDONADO SOFT,12201,TOP,5750.0,1005564.6,7149.0,0.006
MALDONADO,MALDONADO SOFT,13020,TOP,11500.0,1005564.6,7149.0,0.011
MALDONADO,MALDONADO SOFT,13087,TOP,5750.0,1005564.6,7149.0,0.006
MALDONADO,MALDONADO SOFT,13126,TOP,11500.0,1005564.6,7149.0,0.011
MALDONADO,MALDONADO SOFT,13499,TOP,2300.0,1005564.6,7149.0,0.002
MALDONADO,MALDONADO SOFT,13545,TOP,17250.0,1005564.6,7149.0,0.017
MALDONADO,MALDONADO SOFT,13601,TOP,5750.0,1005564.6,7149.0,0.006
MALDONADO,MALDONADO SOFT K TT,8420,TOP,2300.0,1005564.6,3973.0,0.002
MALDONADO,MALDONADO SOFT K TT,9349,TOP,11500.0,1005564.6,3973.0,0.011
MALDONADO,MALDONADO SOFT K TT,9392,TOP,17250.0,1005564.6,3973.0,0.017
MALDONADO,MALDONADO SOFT K TT,13437,TOP,5750.0,1005564.6,3973.0,0.006
MALDONADO,MALDONADO SOFT K TT,13513,TOP,6900.0,1005564.6,3973.0,0.007
MALDONADO,MALDONADO SOFT TT,9349,TOP,5750.0,1005564.6,3450.0,0.006
MALDONADO,MALDONADO SOFT TT,13435,TOP,4600.0,1005564.6,3450.0,0.005
MALLORCA,MALLORCA TIP,8418,TOP,2300.0,13800.0,3450.0,0.167
MALLORCA,MALLORCA TIP,12090,TOP,4600.0,13800.0,3450.0,0.333
MALLORCA,MALLORCA TT TIP,12091,TOP,4600.0,13800.0,3450.0,0.333
MALLORCA,MALLORCA TT TIP,13444,TOP,2300.0,13800.0,3450.0,0.167
MALTA,MALTA K TT TIP,5747,TOP,258750.0,517500.0,21275.0,0.5
MALTA,MALTA K TT TIP,13191,TOP,10925.0,517500.0,21275.0,0.021
MALTA,MALTA K TT TIP,13445,TOP,4600.0,517500.0,21275.0,0.009
MALTA,MALTA K TT TIP,13446,TOP,2300.0,517500.0,21275.0,0.004
MALTA,MALTA TIP,1283,TOP,229425.0,517500.0,21902.0,0.443
MALTA,MALTA TIP,6641,TOP,2300.0,517500.0,21902.0,0.004
MALTA,MALTA TIP,8548,TOP,2300.0,517500.0,21902.0,0.004
MALTA,MALTA TIP,9489,TOP,2300.0,517500.0,21902.0,0.004
MALTA,MALTA TIP,12093,TOP,4600.0,517500.0,21902.0,0.009
MALTESSE,MALTESSE,1287,TOP,47150.0,92690.0,18572.0,0.509
MALTESSE,MALTESSE,13048,TOP,27140.0,92690.0,18572.0,0.293
MALTESSE,MALTESSE K TT,17027,TOP,18400.0,92690.0,6133.0,0.199
MEISTER,MEISTER K TT,13288,TOP,117750.0,274150.0,19582.0,0.43
MEISTER,MEISTER K TT,13387,TOP,156400.0,274150.0,19582.0,0.57
MEKONG,MEKONG,1235,TOP,5750.0,2123300.0,17436.0,0.003
MEKONG,MEKONG,4287,TOP,5750.0,2123300.0,17436.0,0.003
MEKONG,MEKONG,5007,TOP,5750.0,2123300.0,17436.0,0.003
MEKONG,MEKONG,6621,TOP,3450.0,2123300.0,17436.0,0.002
MEKONG,MEKONG,7157,TOP,17250.0,2123300.0,17436.0,0.008
MEKONG,MEKONG,7837,TOP,17250.0,2123300.0,17436.0,0.008
MEKONG,MEKONG,9798,TOP,11500.0,2123300.0,17436.0,0.005
MEKONG,MEKONG,9810,TOP,540500.0,2123300.0,17436.0,0.255
MEKONG,MEKONG,13039,TOP,28750.0,2123300.0,17436.0,0.014
MEKONG,MEKONG,13097,TOP,5750.0,2123300.0,17436.0,0.003
MEKONG,MEKONG,13133,TOP,3450.0,2123300.0,17436.0,0.002
MEKONG,MEKONG K TT,2334,TOP,17250.0,2123300.0,22445.0,0.008
MEKONG,MEKONG K TT,6300,TOP,254150.0,2123300.0,22445.0,0.12
MEKONG,MEKONG K TT,7222,TOP,355350.0,2123300.0,22445.0,0.167
MEKONG,MEKONG K TT,8357,TOP,5750.0,2123300.0,22445.0,0.003
MEKONG,MEKONG K TT,8384,TOP,5750.0,2123300.0,22445.0,0.003
MEKONG,MEKONG K TT,8664,TOP,3450.0,2123300.0,22445.0,0.002
MEKONG,MEKONG K TT,13022,TOP,3450.0,2123300.0,22445.0,0.002
MEKONG,MEKONG K TT,13040,TOP,5750.0,2123300.0,22445.0,0.003
MEKONG,MEKONG TT,4363,TOP,827250.0,2123300.0,25068.0,0.39
MERO,MERO,13505,TOP,5750.0,5750.0,5750.0,1.0
MORANDI,MORANDI,5227,TOP,6900.0,12650.0,3450.0,0.545
MORANDI,MORANDI TT,5791,TOP,5750.0,12650.0,5750.0,0.455
MOSSEL,MOSSEL,5058,TOP,6900.0,58650.0,3306.0,0.118
MOSSEL,MOSSEL,6821,TOP,6900.0,58650.0,3306.0,0.118
MOSSEL,MOSSEL,8416,TOP,2300.0,58650.0,3306.0,0.039
MOSSEL,MOSSEL,8417,TOP,2300.0,58650.0,3306.0,0.039
MOSSEL,MOSSEL,12061,TOP,13800.0,58650.0,3306.0,0.235
MOSSEL,MOSSEL,13370,TOP,20700.0,58650.0,3306.0,0.353
MOSSEL,MOSSEL TIP,13341,TOP,5750.0,58650.0,5750.0,0.098
MOSTA,MOSTA K TT TIP,13170,TOP,34500.0,92000.0,30667.0,0.375
MOSTA,MOSTA K TT TIP,17003,TOP,57500.0,92000.0,30667.0,0.625
MUMBAI,MUMBAI,5041,TOP,5720.1,5720.1,2860.0,1.0
NATURAL,NATURAL,7161,TOP,8050.0,452525.0,4850.0,0.018
NATURAL,NATURAL,7162,TOP,25300.0,452525.0,4850.0,0.056
NATURAL,NATURAL,7783,TOP,5750.0,452525.0,4850.0,0.013
NATURAL,NATURAL,7880,TOP,25300.0,452525.0,4850.0,0.056
NATURAL,NATURAL,8075,TOP,3450.0,452525.0,4850.0,0.008
NATURAL,NATURAL,8174,TOP,6900.0,452525.0,4850.0,0.015
NATURAL,NATURAL,8268,TOP,24150.0,452525.0,4850.0,0.053
NATURAL,NATURAL,8411,TOP,11500.0,452525.0,4850.0,0.025
NATURAL,NATURAL,8526,TOP,27600.0,452525.0,4850.0,0.061
NATURAL,NATURAL,8541,TOP,12650.0,452525.0,4850.0,0.028
NATURAL,NATURAL,9026,TOP,17250.0,452525.0,4850.0,0.038
NATURAL,NATURAL,9060,TOP,25875.0,452525.0,4850.0,0.057
NATURAL,NATURAL,9713,TOP,4600.0,452525.0,4850.0,0.01
NATURAL,NATURAL,13197,TOP,37950.0,452525.0,4850.0,0.084
NATURAL,NATURAL,13198,TOP,6900.0,452525.0,4850.0,0.015
NATURAL,NATURAL,17095,TOP,13800.0,452525.0,4850.0,0.03
NATURAL,NATURAL K TT,4323,TOP,20700.0,452525.0,5888.0,0.046
NATURAL,NATURAL K TT,5391,TOP,71300.0,452525.0,5888.0,0.158
NATURAL,NATURAL K TT,6213,TOP,8050.0,452525.0,5888.0,0.018
NATURAL,NATURAL K TT,9749,TOP,11500.0,452525.0,5888.0,0.025
NATURAL,NATURAL K TT,12035,TOP,4600.0,452525.0,5888.0,0.01
NATURAL,NATURAL K TT,13328,TOP,4600.0,452525.0,5888.0,0.01
NATURAL,NATURAL K TT,17112,TOP,19550.0,452525.0,5888.0,0.043
NATURAL,NATURAL K TT,17113,TOP,6900.0,452525.0,5888.0,0.015
NATURAL,NATURAL TT,6809,TOP,4600.0,452525.0,5367.0,0.01
NATURAL,NATURAL TT,9462,TOP,9200.0,452525.0,5367.0,0.02
NATURAL,NATURAL TT,9840,TOP,34500.0,452525.0,5367.0,0.076
NATURESSE,NATURESSE,4335,TOP,58210.0,231480.0,5821.0,0.251
NATURESSE,NATURESSE K TT,6306,TOP,5750.0,231480.0,5750.0,0.025
NATURESSE,NATURESSE TT,1707,TOP,110960.0,231480.0,8376.0,0.479
NATURESSE,NATURESSE TT,7371,TOP,56560.0,231480.0,8376.0,0.244
NEW,NEW PRESTIGE K TT,3385,TOP,220100.0,262895.0,10019.0,0.837
NEW,NEW PRESTIGE K TT,4772,TOP,11155.0,262895.0,10019.0,0.042
NEW,NEW PRESTIGE K TT,9698,TOP,9200.0,262895.0,10019.0,0.035
NEW,NEW RESTIGE K TT,9698,TOP,22440.0,262895.0,11220.0,0.085
NEW-PRESTIGE,NEW-PRESTIGE,7058,TOP,40250.0,78720.0,5750.0,0.511
NEW-PRESTIGE,NEW-PRESTIGE K TT,3385,TOP,26220.0,78720.0,7694.0,0.333
NEW-PRESTIGE,NEW-PRESTIGE K TT,9698,TOP,12250.0,78720.0,7694.0,0.156
NOKOR,NOKOR,12070,TOP,127650.0,1332620.0,18112.0,0.096
NOKOR,NOKOR,17225,TOP,17250.0,1332620.0,18112.0,0.013
NOKOR,NOKOR K TT,6845,TOP,28750.0,1332620.0,17905.0,0.022
NOKOR,NOKOR K TT,7195,TOP,94300.0,1332620.0,17905.0,0.071
NOKOR,NOKOR K TT,8559,TOP,11500.0,1332620.0,17905.0,0.009
NOKOR,NOKOR K TT,8890,TOP,23000.0,1332620.0,17905.0,0.017
NOKOR,NOKOR K TT,13264,TOP,480700.0,1332620.0,17905.0,0.361
NOKOR,NOKOR K TT,13281,TOP,17250.0,1332620.0,17905.0,0.013
NOKOR,NOKOR K TT,13343,TOP,23000.0,1332620.0,17905.0,0.017
NOKOR,NOKOR K TT,13361,TOP,250700.0,1332620.0,17905.0,0.188
NOKOR,NOKOR K TT,13431,TOP,11500.0,1332620.0,17905.0,0.009
NOKOR,NOKOR K TT,13560,TOP,126500.0,1332620.0,17905.0,0.095
NOKOR,NOKOR K TT,13573,TOP,5750.0,1332620.0,17905.0,0.004
NOKOR,NOKOR K TT,13625,TOP,90850.0,1332620.0,17905.0,0.068
NOKOR,NOKOR K TT TSF,13264,SPLIT,3795.0,1332620.0,5980.0,0.003
NOKOR,NOKOR K TT TSF,13361,SPLIT,11500.0,1332620.0,5980.0,0.009
NOKOR,NOKOR K TT TSF,13428,SPLIT,8625.0,1332620.0,5980.0,0.006
OVAR,OVAR,7155,TOP,58995.0,78545.0,19665.0,0.751
OVAR,OVAR TSF,7155,SPLIT,19550.0,78545.0,19550.0,0.249
PALIO,PALIO TT,13213,TOP,3450.0,3450.0,3450.0,1.0
PATROL,PATROL,2356,TOP,17250.0,57849.6,5210.0,0.298
PATROL,PATROL,9015,TOP,27949.6,57849.6,5210.0,0.483
PATROL,PATROL,13467,TOP,6900.0,57849.6,5210.0,0.119
PATROL,PATROL TT,5375,TOP,5750.0,57849.6,5750.0,0.099
PLATA,PLATA,13546,TOP,23000.0,23000.0,5750.0,1.0
PONZA,PONZA,8095,TOP,11500.0,11500.0,5750.0,1.0
PUCCINI,PUCCINI K TT TIP,17076,TOP,312800.0,347300.0,39100.0,0.901
PUCCINI,PUCCINI TIP,13462,TOP,34500.0,347300.0,17250.0,0.099
RAVENNA,Can Not Match The Name,3343,TOP,4567.0,16067.0,4012.0,0.284
RAVENNA,RAVENNA,12125,TOP,11500.0,16067.0,5750.0,0.716
RENAISSANCE,RENAISSANCE K TT,13457,TOP,3450.0,3450.0,3450.0,1.0
RETRO,RETRO K TT,3345,TOP,11500.0,261740.0,18745.0,0.044
RETRO,RETRO K TT,5325,TOP,173190.0,261740.0,18745.0,0.662
RETRO,RETRO K TT,6010,TOP,3450.0,261740.0,18745.0,0.013
RETRO,RETRO K TT,6012,TOP,6900.0,261740.0,18745.0,0.026
RETRO,RETRO K TT,9028,TOP,29900.0,261740.0,18745.0,0.114
RETRO,RETRO SOFT K TT,8339,TOP,11500.0,261740.0,5750.0,0.044
RETRO,RETRO TT,3271,TOP,6900.0,261740.0,5060.0,0.026
RETRO,RETRO TT,6011,TOP,18400.0,261740.0,5060.0,0.07
ROSAIS,ROSAIS,2211,SPLIT,64400.0,514280.0,32200.0,0.125
ROSAIS,ROSAIS TIP,2211,TOP,227700.0,514280.0,33021.0,0.443
ROSAIS,ROSAIS TIP,12066,TOP,3450.0,514280.0,33021.0,0.007
ROSAIS,ROSAIS TS,2211,SPLIT,144210.0,514280.0,48070.0,0.28
ROSAIS,ROSAIS TSF,2211,SPLIT,74520.0,514280.0,37260.0,0.145
ROSSINI,ROSSINI TT TIP,9721,TOP,14950.0,14950.0,4983.0,1.0
RUSH,RUSH K TT,1350,TOP,14560.0,55360.0,13840.0,0.263
RUSH,RUSH K TT,3722,TOP,40800.0,55360.0,13840.0,0.737
SAHARA,SAHARA K TT,1701,SPLIT,38669.35,3312204.6,19040.0,0.012
SAHARA,SAHARA K TT,1701,TOP,61303.4,3312204.6,19040.0,0.019
SAHARA,SAHARA K TT,1771,TOP,9775.0,3312204.6,19040.0,0.003
SAHARA,SAHARA K TT,12023,SPLIT,3450.0,3312204.6,19040.0,0.001
SAHARA,SAHARA K TT,12023,TOP,148005.0,3312204.6,19040.0,0.045
SAHARA,SAHARA K TT,13154,TOP,5750.0,3312204.6,19040.0,0.002
SAHARA,SAHARA K TT,13159,TOP,56650.0,3312204.6,19040.0,0.017
SAHARA,SAHARA K TT,13308,TOP,76820.0,3312204.6,19040.0,0.023
SAHARA,SAHARA K TT,13309,TOP,112700.0,3312204.6,19040.0,0.034
SAHARA,SAHARA K TT,17079,SPLIT,80270.0,3312204.6,19040.0,0.024
SAHARA,SAHARA K TT,17079,TOP,104765.0,3312204.6,19040.0,0.032
SAHARA,SAHARA K TT,17106,TOP,29104.2,3312204.6,19040.0,0.009
SAHARA,SAHARA K TT,17126,SPLIT,42090.0,3312204.6,19040.0,0.013
SAHARA,SAHARA K TT,17126,TOP,64860.0,3312204.6,19040.0,0.02
SAHARA,SAHARA K TT,17181,TOP,2203917.0,3312204.6,19040.0,0.665
SAHARA,SAHARA K TT,17182,TOP,4830.0,3312204.6,19040.0,0.001
SAHARA,SAHARA K TT,17183,TOP,3450.0,3312204.6,19040.0,0.001
SAHARA,SAHARA K TT TS,1771,SPLIT,2875.0,3312204.6,10756.0,0.001
SAHARA,SAHARA K TT TS,12023,SPLIT,91080.0,3312204.6,10756.0,0.027
SAHARA,SAHARA K TT TS,13154,SPLIT,2875.0,3312204.6,10756.0,0.001
SAHARA,SAHARA K TT TS,13308,SPLIT,10350.0,3312204.6,10756.0,0.003
SAHARA,SAHARA K TT TS,13309,SPLIT,75670.0,3312204.6,10756.0,0.023
SAHARA,SAHARA K TT TSF,1771,SPLIT,4025.0,3312204.6,5530.0,0.001
SAHARA,SAHARA K TT TSF,13159,SPLIT,50050.0,3312204.6,5530.0,0.015
SAHARA,SAHARA K TT TSF,17106,SPLIT,28870.65,3312204.6,5530.0,0.009
SANTAFE,SANTAFE K TT,12014,TOP,138000.0,138000.0,9857.0,1.0
SANTORINI,SANTORINI,13010,TOP,3450.0,3450.0,3450.0,1.0
SC,SC WASH OFF AUTO,6394,TOP,3450.0,52325.0,3039.0,0.066
SC,SC WASH OFF AUTO,7617,SPLIT,2875.0,52325.0,3039.0,0.055
SC,SC WASH OFF AUTO,7617,TOP,14950.0,52325.0,3039.0,0.286
SC,SC WASH OFF MALD,2332,TOP,10925.0,52325.0,2509.0,0.209
SC,SC WASH OFF MALD,7618,TOP,7475.0,52325.0,2509.0,0.143
SC,SC WASH OFF MALD,9586,TOP,9200.0,52325.0,2509.0,0.176
SC,SC WASH OFF MALD TS,2332,SPLIT,3450.0,52325.0,3450.0,0.066
SENDAI,SENDAI,6837,TOP,16100.0,172500.0,5350.0,0.093
SENDAI,SENDAI,8558,TOP,6900.0,172500.0,5350.0,0.04
SENDAI,SENDAI,11003,TOP,4600.0,172500.0,5350.0,0.027
SENDAI,SENDAI,12215,TOP,6900.0,172500.0,5350.0,0.04
SENDAI,SENDAI,13640,TOP,19550.0,172500.0,5350.0,0.113
SENDAI,SENDAI,14002,TOP,5750.0,172500.0,5350.0,0.033
SENDAI,SENDAI,14004,TOP,9200.0,172500.0,5350.0,0.053
SENDAI,SENDAI,15001,TOP,19550.0,172500.0,5350.0,0.113
SENDAI,SENDAI,17258,TOP,9200.0,172500.0,5350.0,0.053
SENDAI,SENDAI,17271,TOP,4600.0,172500.0,5350.0,0.027
SENDAI,SENDAI,18009,TOP,2300.0,172500.0,5350.0,0.013
SENDAI,SENDAI,18011,TOP,9200.0,172500.0,5350.0,0.053
SENDAI,SENDAI,20003,TOP,9200.0,172500.0,5350.0,0.053
SENDAI,SENDAI K TT,12206,TOP,9200.0,172500.0,5175.0,0.053
SENDAI,SENDAI K TT,14003,TOP,6900.0,172500.0,5175.0,0.04
SENDAI,SENDAI K TT,18004,TOP,12650.0,172500.0,5175.0,0.073
SENDAI,SENDAI K TT,18010,TOP,2300.0,172500.0,5175.0,0.013
SENDAI,SENDAI TT,13664,TOP,18400.0,172500.0,9200.0,0.107
SERENA,SERENA,8076,TOP,3450.0,3450.0,3450.0,1.0
SIENA,SIENA,8545,TOP,3795.0,1251441.5,37922.0,0.003
SIENA,SIENA,13091,TOP,1187377.3,1251441.5,37922.0,0.949
SIENA,SIENA,13384,TOP,2714.0,1251441.5,37922.0,0.002
SIENA,SIENA,13500,TOP,4140.0,1251441.5,37922.0,0.003
SIENA,SIENA,13522,TOP,4140.0,1251441.5,37922.0,0.003
SIENA,SIENA,13554,TOP,41340.200000000004,1251441.5,37922.0,0.033
SIENA,SIENA,13645,TOP,4140.0,1251441.5,37922.0,0.003
SIENA,SIENA,17146,TOP,3795.0,1251441.5,37922.0,0.003
SOLANA,SOLANA,1708,TOP,101200.0,1145515.0,10954.0,0.088
SOLANA,SOLANA,2202,TOP,63250.0,1145515.0,10954.0,0.055
SOLANA,SOLANA,3217,TOP,46000.0,1145515.0,10954.0,0.04
SOLANA,SOLANA,3735,TOP,5750.0,1145515.0,10954.0,0.005
SOLANA,SOLANA,8415,TOP,20700.0,1145515.0,10954.0,0.018
SOLANA,SOLANA,8518,TOP,23000.0,1145515.0,10954.0,0.02
SOLANA,SOLANA,9464,TOP,23000.0,1145515.0,10954.0,0.02
SOLANA,SOLANA,12082,TOP,17250.0,1145515.0,10954.0,0.015
SOLANA,SOLANA,12084,TOP,11500.0,1145515.0,10954.0,0.01
SOLANA,SOLANA,12094,TOP,4600.0,1145515.0,10954.0,0.004
SOLANA,SOLANA,13160,TOP,23000.0,1145515.0,10954.0,0.02
SOLANA,SOLANA,13161,TOP,11500.0,1145515.0,10954.0,0.01
SOLANA,SOLANA,13430,TOP,17250.0,1145515.0,10954.0,0.015
SOLANA,SOLANA,13463,TOP,3450.0,1145515.0,10954.0,0.003
SOLANA,SOLANA,13464,TOP,2300.0,1145515.0,10954.0,0.002
SOLANA,SOLANA,13465,TOP,4600.0,1145515.0,10954.0,0.004
SOLANA,SOLANA,13466,TOP,2300.0,1145515.0,10954.0,0.002
SOLANA,SOLANA,13618,TOP,46000.0,1145515.0,10954.0,0.04
SOLANA,SOLANA,17061,TOP,5750.0,1145515.0,10954.0,0.005
SOLANA,SOLANA,17149,TOP,5750.0,1145515.0,10954.0,0.005
SOLANA,SOLANA K TT,6255,TOP,23000.0,1145515.0,11936.0,0.02
SOLANA,SOLANA K TT,6258,TOP,126500.0,1145515.0,11936.0,0.11
SOLANA,SOLANA K TT,6728,TOP,5750.0,1145515.0,11936.0,0.005
SOLANA,SOLANA K TT,6729,TOP,230000.0,1145515.0,11936.0,0.201
SOLANA,SOLANA K TT,6738,TOP,56350.0,1145515.0,11936.0,0.049
SOLANA,SOLANA K TT,6743,TOP,23000.0,1145515.0,11936.0,0.02
SOLANA,SOLANA K TT,6753,TOP,5750.0,1145515.0,11936.0,0.005
SOLANA,SOLANA K TT,6800,TOP,65665.0,1145515.0,11936.0,0.057
SOLANA,SOLANA K TT,8845,TOP,46000.0,1145515.0,11936.0,0.04
SOLANA,SOLANA K TT,9596,TOP,3450.0,1145515.0,11936.0,0.003
SOLANA,SOLANA K TT,12117,TOP,11500.0,1145515.0,11936.0,0.01
SOLANA,SOLANA K TT,13327,TOP,3450.0,1145515.0,11936.0,0.003
SOLANA,SOLANA K TT,17089,TOP,14950.0,1145515.0,11936.0,0.013
SOLANA,SOLANA K TT,17145,TOP,17250.0,1145515.0,11936.0,0.015
SOLANA,SOLANA TT,5038,TOP,17250.0,1145515.0,10679.0,0.015
SOLANA,SOLANA TT,7008,TOP,11500.0,1145515.0,10679.0,0.01
SOLANA,SOLANA TT,7016,TOP,46000.0,1145515.0,10679.0,0.04
SUNNY,SUNNY,8344,TOP,69000.0,69000.0,11500.0,1.0
SYROS,SYROS K TT,13405,TOP,6900.0,6900.0,3450.0,1.0
TORONTINO,TORONTINO,6057,TOP,5750.0,5750.0,5750.0,1.0
TORONTO,TORONTO,4364,TOP,26450.0,1099450.0,7116.0,0.024
TORONTO,TORONTO,5029,TOP,2300.0,1099450.0,7116.0,0.002
TORONTO,TORONTO,5253,TOP,66700.0,1099450.0,7116.0,0.061
TORONTO,TORONTO,8678,TOP,23000.0,1099450.0,7116.0,0.021
TORONTO,TORONTO,9236,TOP,34500.0,1099450.0,7116.0,0.031
TORONTO,TORONTO,13371,TOP,5750.0,1099450.0,7116.0,0.005
TORONTO,TORONTO,13372,TOP,5750.0,1099450.0,7116.0,0.005
TORONTO,TORONTO,17122,TOP,17250.0,1099450.0,7116.0,0.016
TORONTO,TORONTO,17123,TOP,46000.0,1099450.0,7116.0,0.042
TORONTO,TORONTO LUX,13538,TOP,14950.0,1099450.0,7475.0,0.014
TORONTO,TORONTO SOFT,5378,TOP,5750.0,1099450.0,4983.0,0.005
TORONTO,TORONTO SOFT,13236,TOP,3450.0,1099450.0,4983.0,0.003
TORONTO,TORONTO SOFT,13475,TOP,5750.0,1099450.0,4983.0,0.005
TORONTO,TORONTO SOFT K TT,13474,TOP,5750.0,1099450.0,5750.0,0.005
TORONTO,TORONTO TAB,2749,TOP,40000.0,1099450.0,7773.0,0.036
TORONTO,TORONTO TAB,7679,TOP,17000.0,1099450.0,7773.0,0.015
TORONTO,TORONTO TAB,7685,TOP,5750.0,1099450.0,7773.0,0.005
TORONTO,TORONTO TAB,8240,TOP,29900.0,1099450.0,7773.0,0.027
TORONTO,TORONTO TAB,9016,TOP,23000.0,1099450.0,7773.0,0.021
TORONTO,TORONTO TAB,9137,TOP,37950.0,1099450.0,7773.0,0.035
TORONTO,TORONTO TAB,9225,TOP,116550.0,1099450.0,7773.0,0.106
TORONTO,TORONTO TAB,9248,TOP,43400.0,1099450.0,7773.0,0.039
TORONTO,TORONTO TAB,9249,TOP,44400.0,1099450.0,7773.0,0.04
TORONTO,TORONTO TAB,9250,TOP,5750.0,1099450.0,7773.0,0.005
TORONTO,TORONTO TAB,9378,TOP,19550.0,1099450.0,7773.0,0.018
TORONTO,TORONTO TAB,9380,TOP,35400.0,1099450.0,7773.0,0.032
TORONTO,TORONTO TAB,9381,TOP,28500.0,1099450.0,7773.0,0.026
TORONTO,TORONTO TAB,9382,TOP,24150.0,1099450.0,7773.0,0.022
TORONTO,TORONTO TAB,9535,TOP,5500.0,1099450.0,7773.0,0.005
TORONTO,TORONTO TAB,9676,TOP,5750.0,1099450.0,7773.0,0.005
TORONTO,TORONTO TAB,9716,TOP,29650.0,1099450.0,7773.0,0.027
TORONTO,TORONTO TAB,9801,TOP,25300.0,1099450.0,7773.0,0.023
TORONTO,TORONTO TAB,12130,TOP,29900.0,1099450.0,7773.0,0.027
TORONTO,TORONTO TIP,1243,TOP,104900.0,1099450.0,12214.0,0.095
TORONTO,TORONTO TIP,2284,TOP,19550.0,1099450.0,12214.0,0.018
TORONTO,TORONTO TIP,5024,TOP,28750.0,1099450.0,12214.0,0.026
TORONTO,TORONTO TIP,7154,TOP,6900.0,1099450.0,12214.0,0.006
TORONTO,TORONTO TIP,13071,TOP,67200.0,1099450.0,12214.0,0.061
TORONTO,TORONTO TIP,13171,TOP,35650.0,1099450.0,12214.0,0.032
TORONTO,TORONTO TIP,17008,TOP,5750.0,1099450.0,12214.0,0.005
TRINITY,TRINITY TT,9371,TOP,16800.0,16800.0,16800.0,1.0
UTTI,UTTI,5074,TOP,2300.0,6900.0,2300.0,0.333
UTTI,UTTI,15002,TOP,2300.0,6900.0,2300.0,0.333
UTTI,UTTI,16002,TOP,2300.0,6900.0,2300.0,0.333
VALDERNO,VALDERNO K TT,13634,TOP,3450.0,57500.0,8050.0,0.06
VALDERNO,VALDERNO K TT,17254,TOP,5750.0,57500.0,8050.0,0.1
VALDERNO,VALDERNO K TT,17268,TOP,17825.0,57500.0,8050.0,0.31
VALDERNO,VALDERNO K TT,17269,TOP,5175.0,57500.0,8050.0,0.09
VALDERNO,VALDERNO K TT TS,13634,SPLIT,3450.0,57500.0,6325.0,0.06
VALDERNO,VALDERNO K TT TS,17268,SPLIT,16100.0,57500.0,6325.0,0.28
VALDERNO,VALDERNO K TT TS,17269,SPLIT,5750.0,57500.0,6325.0,0.1
VALERIS,VALERIS,13460,TOP,6325.0,73025.0,6639.0,0.087
VALERIS,VALERIS,13527,TOP,66700.0,73025.0,6639.0,0.913
VALOUR,VALOUR,5031,TOP,4186.0,102051.0,4186.0,0.041
VALOUR,VALOUR K TT,13186,TOP,97865.0,102051.0,24466.0,0.959
VANCOUVER,VANCOUVER,5215,TOP,23000.0,1715450.0,13842.0,0.013
VANCOUVER,VANCOUVER,6013,TOP,23000.0,1715450.0,13842.0,0.013
VANCOUVER,VANCOUVER,8137,TOP,57500.0,1715450.0,13842.0,0.034
VANCOUVER,VANCOUVER,8138,TOP,23000.0,1715450.0,13842.0,0.013
VANCOUVER,VANCOUVER,8356,TOP,138000.0,1715450.0,13842.0,0.08
VANCOUVER,VANCOUVER,8377,TOP,11500.0,1715450.0,13842.0,0.007
VANCOUVER,VANCOUVER,8408,TOP,11500.0,1715450.0,13842.0,0.007
VANCOUVER,VANCOUVER,8410,TOP,23000.0,1715450.0,13842.0,0.013
VANCOUVER,VANCOUVER,9001,TOP,195500.0,1715450.0,13842.0,0.114
VANCOUVER,VANCOUVER,9010,TOP,5750.0,1715450.0,13842.0,0.003
VANCOUVER,VANCOUVER,9109,TOP,5750.0,1715450.0,13842.0,0.003
VANCOUVER,VANCOUVER,9201,TOP,140300.0,1715450.0,13842.0,0.082
VANCOUVER,VANCOUVER,9343,TOP,149500.0,1715450.0,13842.0,0.087
VANCOUVER,VANCOUVER,9671,TOP,8050.0,1715450.0,13842.0,0.005
VANCOUVER,VANCOUVER,9700,TOP,80500.0,1715450.0,13842.0,0.047
VANCOUVER,VANCOUVER,9746,TOP,138000.0,1715450.0,13842.0,0.08
VANCOUVER,VANCOUVER,12055,TOP,115000.0,1715450.0,13842.0,0.067
VANCOUVER,VANCOUVER,12115,TOP,138000.0,1715450.0,13842.0,0.08
VANCOUVER,VANCOUVER,12118,TOP,57500.0,1715450.0,13842.0,0.034
VANCOUVER,VANCOUVER,17060,TOP,56000.0,1715450.0,13842.0,0.033
VANCOUVER,VANCOUVER,17091,TOP,11500.0,1715450.0,13842.0,0.007
VANCOUVER,VANCOUVER SO,8144,TOP,5750.0,1715450.0,5750.0,0.003
VANCOUVER,VANCOUVER SOFT,6016,TOP,3450.0,1715450.0,16623.0,0.002
VANCOUVER,VANCOUVER SOFT,6026,TOP,13800.0,1715450.0,16623.0,0.008
VANCOUVER,VANCOUVER SOFT,6065,TOP,5750.0,1715450.0,16623.0,0.003
VANCOUVER,VANCOUVER SOFT,8144,TOP,5750.0,1715450.0,16623.0,0.003
VANCOUVER,VANCOUVER SOFT,8155,TOP,138000.0,1715450.0,16623.0,0.08
VANCOUVER,VANCOUVER SOFT,9010,TOP,6900.0,1715450.0,16623.0,0.004
VANCOUVER,VANCOUVER SOFT,9394,TOP,5750.0,1715450.0,16623.0,0.003
VANCOUVER,VANCOUVER SOFT,13005,TOP,3450.0,1715450.0,16623.0,0.002
VANCOUVER,VANCOUVER TT,1749,TOP,115000.0,1715450.0,14375.0,0.067
VANILE,VANILE,1347,TOP,11500.0,25300.0,3833.0,0.455
VANILE,VANILE K TT TIP,5773,TOP,13800.0,25300.0,13800.0,0.545
VEGAS,VEGAS,1286,TOP,133880.0,362750.0,15018.0,0.369
VEGAS,VEGAS,9025,TOP,106400.0,362750.0,15018.0,0.293
VEGAS,VEGAS K TT,7327,TOP,122470.0,362750.0,15309.0,0.338
VENEZA,VENEZA,1222,TOP,17250.0,1054550.0,19727.0,0.016
VENEZA,VENEZA,2730,TOP,5750.0,1054550.0,19727.0,0.005
VENEZA,VENEZA,4783,TOP,287500.0,1054550.0,19727.0,0.273
VENEZA,VENEZA,5078,TOP,433550.0,1054550.0,19727.0,0.411
VENEZA,VENEZA,5261,TOP,17250.0,1054550.0,19727.0,0.016
VENEZA,VENEZA,13506,TOP,201250.0,1054550.0,19727.0,0.191
VENEZA,VENEZA,17215,TOP,34500.0,1054550.0,19727.0,0.033
VENEZA,VENEZA,17266,TOP,28750.0,1054550.0,19727.0,0.027
VENEZA,VENEZA LUX,1288,TOP,5750.0,1054550.0,5750.0,0.005
VENEZA,VENEZA LUX,2209,TOP,5750.0,1054550.0,5750.0,0.005
VENEZA,VENEZA LUX,6025,TOP,17250.0,1054550.0,5750.0,0.016
VIDAL,VIDAL,8047,TOP,57500.0,57500.0,8214.0,1.0
VIKING,VIKING K TT,2312,TOP,2300.0,2300.0,2300.0,1.0
VINT,VINT K TT,13214,TOP,5750.0,5750.0,5750.0,1.0
VINTAGE,VINTAGE DULL K TT,8554,TOP,3450.0,1972738.1,3450.0,0.002
VINTAGE,VINTAGE K TT,1367,TOP,11500.0,1972738.1,6787.0,0.006
VINTAGE,VINTAGE K TT,2342,TOP,19550.0,1972738.1,6787.0,0.01
VINTAGE,VINTAGE K TT,2347,TOP,9200.0,1972738.1,6787.0,0.005
VINTAGE,VINTAGE K TT,2704,SPLIT,2300.0,1972738.1,6787.0,0.001
VINTAGE,VINTAGE K TT,2704,TOP,5750.0,1972738.1,6787.0,0.003
VINTAGE,VINTAGE K TT,4354,TOP,100050.0,1972738.1,6787.0,0.051
VINTAGE,VINTAGE K TT,5018,TOP,17250.0,1972738.1,6787.0,0.009
VINTAGE,VINTAGE K TT,5071,TOP,23913.1,1972738.1,6787.0,0.012
VINTAGE,VINTAGE K TT,5324,TOP,48300.0,1972738.1,6787.0,0.024
VINTAGE,VINTAGE K TT,7814,SPLIT,28750.0,1972738.1,6787.0,0.015
VINTAGE,VINTAGE K TT,7814,TOP,72450.0,1972738.1,6787.0,0.037
VINTAGE,VINTAGE K TT,8508,TOP,5750.0,1972738.1,6787.0,0.003
VINTAGE,VINTAGE K TT,8553,TOP,5750.0,1972738.1,6787.0,0.003
VINTAGE,VINTAGE K TT,9320,TOP,5750.0,1972738.1,6787.0,0.003
VINTAGE,VINTAGE K TT,12123,TOP,11500.0,1972738.1,6787.0,0.006
VINTAGE,VINTAGE K TT,13214,TOP,5750.0,1972738.1,6787.0,0.003
VINTAGE,VINTAGE K TT,17164,TOP,16100.0,1972738.1,6787.0,0.008
VINTAGE,VINTAGE K TT,17187,SPLIT,17250.0,1972738.1,6787.0,0.009
VINTAGE,VINTAGE K TT,17187,TOP,20700.0,1972738.1,6787.0,0.01
VINTAGE,VINTAGE K TT TS,13214,SPLIT,2300.0,1972738.1,2300.0,0.001
VINTAGE,VINTAGE K TT TSF,2342,SPLIT,9200.0,1972738.1,9200.0,0.005
VINTAGE,VINTAGE SHEEN K TT,2342,TOP,211750.0,1972738.1,9737.0,0.107
VINTAGE,VINTAGE SHEEN K TT,4317,TOP,5750.0,1972738.1,9737.0,0.003
VINTAGE,VINTAGE SHEEN K TT,8262,TOP,8050.0,1972738.1,9737.0,0.004
VINTAGE,VINTAGE SHEEN K TT,8542,SPLIT,4600.0,1972738.1,9737.0,0.002
VINTAGE,VINTAGE SHEEN K TT,8542,TOP,5750.0,1972738.1,9737.0,0.003
VINTAGE,VINTAGE SHEEN K TT,9092,TOP,5750.0,1972738.1,9737.0,0.003
VINTAGE,VINTAGE SHEEN K TT,9096,SPLIT,9200.0,1972738.1,9737.0,0.005
VINTAGE,VINTAGE SHEEN K TT,9096,TOP,5750.0,1972738.1,9737.0,0.003
VINTAGE,VINTAGE SHEEN K TT,9097,SPLIT,6900.0,1972738.1,9737.0,0.003
VINTAGE,VINTAGE SHEEN K TT,9097,TOP,17250.0,1972738.1,9737.0,0.009
VINTAGE,VINTAGE SHEEN K TT,12123,TOP,11500.0,1972738.1,9737.0,0.006
VINTAGE,VINTAGE SHEEN K TT,13094,TOP,49450.0,1972738.1,9737.0,0.025
VINTAGE,VINTAGE SHEEN K TT,13539,TOP,34500.0,1972738.1,9737.0,0.017
VINTAGE,VINTAGE SHEEN K TT,13540,TOP,11500.0,1972738.1,9737.0,0.006
VINTAGE,VINTAGE SHEEN K TT,13541,TOP,11500.0,1972738.1,9737.0,0.006
VINTAGE,VINTAGE SHEEN K TT TS,13094,SPLIT,3450.0,1972738.1,3450.0,0.002
VINTAGE,VINTAGE SHEEN K TT TSF,2342,SPLIT,89700.0,1972738.1,13389.0,0.045
VINTAGE,VINTAGE SHEEN K TT TSF,8262,SPLIT,4025.0,1972738.1,13389.0,0.002
VINTAGE,VINTAGE SOFT K TT,1368,TOP,51750.0,1972738.1,9795.0,0.026
VINTAGE,VINTAGE SOFT K TT,1369,TOP,17250.0,1972738.1,9795.0,0.009
VINTAGE,VINTAGE SOFT K TT,2259,TOP,4600.0,1972738.1,9795.0,0.002
VINTAGE,VINTAGE SOFT K TT,2731,TOP,11500.0,1972738.1,9795.0,0.006
VINTAGE,VINTAGE SOFT K TT,3228,TOP,17250.0,1972738.1,9795.0,0.009
VINTAGE,VINTAGE SOFT K TT,3378,TOP,149500.0,1972738.1,9795.0,0.076
VINTAGE,VINTAGE SOFT K TT,4315,TOP,23000.0,1972738.1,9795.0,0.012
VINTAGE,VINTAGE SOFT K TT,4317,TOP,11500.0,1972738.1,9795.0,0.006
VINTAGE,VINTAGE SOFT K TT,5062,TOP,29900.0,1972738.1,9795.0,0.015
VINTAGE,VINTAGE SOFT K TT,5262,TOP,17250.0,1972738.1,9795.0,0.009
VINTAGE,VINTAGE SOFT K TT,6386,TOP,11500.0,1972738.1,9795.0,0.006
VINTAGE,VINTAGE SOFT K TT,6834,TOP,25300.0,1972738.1,9795.0,0.013
VINTAGE,VINTAGE SOFT K TT,7357,TOP,7130.0,1972738.1,9795.0,0.004
VINTAGE,VINTAGE SOFT K TT,7807,SPLIT,6900.0,1972738.1,9795.0,0.003
VINTAGE,VINTAGE SOFT K TT,7807,TOP,11500.0,1972738.1,9795.0,0.006
VINTAGE,VINTAGE SOFT K TT,8262,TOP,11500.0,1972738.1,9795.0,0.006
VINTAGE,VINTAGE SOFT K TT,8353,TOP,17250.0,1972738.1,9795.0,0.009
VINTAGE,VINTAGE SOFT K TT,8844,TOP,5750.0,1972738.1,9795.0,0.003
VINTAGE,VINTAGE SOFT K TT,9092,SPLIT,8050.0,1972738.1,9795.0,0.004
VINTAGE,VINTAGE SOFT K TT,9092,TOP,23000.0,1972738.1,9795.0,0.012
VINTAGE,VINTAGE SOFT K TT,9097,SPLIT,2300.0,1972738.1,9795.0,0.001
VINTAGE,VINTAGE SOFT K TT,9097,TOP,17250.0,1972738.1,9795.0,0.009
VINTAGE,VINTAGE SOFT K TT,9356,TOP,40250.0,1972738.1,9795.0,0.02
VINTAGE,VINTAGE SOFT K TT,9389,TOP,20700.0,1972738.1,9795.0,0.01
VINTAGE,VINTAGE SOFT K TT,9577,SPLIT,6670.0,1972738.1,9795.0,0.003
VINTAGE,VINTAGE SOFT K TT,9577,TOP,4600.0,1972738.1,9795.0,0.002
VINTAGE,VINTAGE SOFT K TT,12029,TOP,19550.0,1972738.1,9795.0,0.01
VINTAGE,VINTAGE SOFT K TT,13271,TOP,80500.0,1972738.1,9795.0,0.041
VINTAGE,VINTAGE SOFT K TT,13314,TOP,28750.0,1972738.1,9795.0,0.015
VINTAGE,VINTAGE SOFT K TT,13318,TOP,11500.0,1972738.1,9795.0,0.006
VINTAGE,VINTAGE SOFT K TT,13375,TOP,5750.0,1972738.1,9795.0,0.003
VINTAGE,VINTAGE SOFT K TT,13450,TOP,83950.0,1972738.1,9795.0,0.043
VINTAGE,VINTAGE SOFT K TT,13469,TOP,49450.0,1972738.1,9795.0,0.025
VINTAGE,VINTAGE SOFT K TT TSF,2259,SPLIT,4830.0,1972738.1,8050.0,0.002
VINTAGE,VINTAGE SOFT K TT TSF,3378,SPLIT,90160.0,1972738.1,8050.0,0.046
VINTAGE,VINTAGE SOFT K TT TSF,4315,SPLIT,16100.0,1972738.1,8050.0,0.008
VINTAGE,VINTAGE SOFT K TT TSF,4317,SPLIT,5750.0,1972738.1,8050.0,0.003
VINTAGE,VINTAGE SOFT K TT TSF,8262,SPLIT,4600.0,1972738.1,8050.0,0.002
VINTAGE,VINTAGE SOFT K TT TSF,13271,SPLIT,54050.0,1972738.1,8050.0,0.027
VINTAGE,VINTAGE SOFT K TT TSF,13314,SPLIT,25760.0,1972738.1,8050.0,0.013
WASH,WASH OFF,2332,TOP,5750.0,5750.0,5750.0,1.0
WILD,WILD K TT,3354,TOP,11155.0,45315.0,15105.0,0.246
WILD,WILD K TT,7653,TOP,28000.0,45315.0,15105.0,0.618
WILD,WILD K TT,8056,TOP,6160.0,45315.0,15105.0,0.136
WINDY,WINDY K TT,6335,TOP,32200.0,32200.0,16100.0,1.0
ZANZI,ZANZI TIP,5742,TOP,34500.0,34500.0,17250.0,1.0
